PRAGMA foreign_keys=OFF;
BEGIN TRANSACTION;
CREATE TABLE "schema_migrations" ("version" varchar NOT NULL PRIMARY KEY);
INSERT INTO "schema_migrations" VALUES('20161019062410');
INSERT INTO "schema_migrations" VALUES('20161019062520');
INSERT INTO "schema_migrations" VALUES('20161019082527');
CREATE TABLE "ar_internal_metadata" ("key" varchar NOT NULL PRIMARY KEY, "value" varchar, "created_at" datetime NOT NULL, "updated_at" datetime NOT NULL);
INSERT INTO "ar_internal_metadata" VALUES('environment','development','2016-10-19 10:16:09.544695','2016-10-19 10:16:09.544695');
CREATE TABLE "users" ("id" INTEGER PRIMARY KEY AUTOINCREMENT NOT NULL, "last_visited" datetime, "created_at" datetime NOT NULL, "updated_at" datetime NOT NULL);
INSERT INTO "users" VALUES(1,'2016-10-31 22:54:14.967530','2016-10-19 10:16:16.333723','2016-10-31 22:54:14.968682');
INSERT INTO "users" VALUES(2,'2016-10-20 01:48:04.154382','2016-10-19 22:04:33.543220','2016-10-20 01:48:04.155173');
INSERT INTO "users" VALUES(3,'2016-10-20 05:09:54.985167','2016-10-20 04:59:11.585497','2016-10-20 05:09:54.986755');
INSERT INTO "users" VALUES(4,'2016-10-20 08:59:13.309150','2016-10-20 08:56:00.786032','2016-10-20 08:59:13.311085');
INSERT INTO "users" VALUES(5,'2016-10-20 19:46:23.733515','2016-10-20 19:46:23.734092','2016-10-20 19:46:23.734092');
INSERT INTO "users" VALUES(6,'2016-10-20 19:46:58.718173','2016-10-20 19:46:24.062266','2016-10-20 19:46:58.721144');
INSERT INTO "users" VALUES(7,'2016-10-30 03:15:27.001121','2016-10-20 20:07:43.683379','2016-10-30 03:15:27.001913');
INSERT INTO "users" VALUES(8,'2016-10-20 20:16:55.256286','2016-10-20 20:08:49.822028','2016-10-20 20:16:55.268868');
INSERT INTO "users" VALUES(9,'2016-10-21 01:42:15.150753','2016-10-21 01:42:15.156222','2016-10-21 01:42:15.156222');
INSERT INTO "users" VALUES(10,'2016-10-21 02:08:11.648657','2016-10-21 02:08:11.649375','2016-10-21 02:08:11.649375');
INSERT INTO "users" VALUES(11,'2016-10-21 02:17:43.179974','2016-10-21 02:17:43.185818','2016-10-21 02:17:43.185818');
INSERT INTO "users" VALUES(12,'2016-10-21 02:19:02.560294','2016-10-21 02:19:02.560983','2016-10-21 02:19:02.560983');
INSERT INTO "users" VALUES(13,'2016-10-25 02:40:45.351577','2016-10-23 20:46:16.292965','2016-10-25 02:40:45.352588');
INSERT INTO "users" VALUES(14,'2016-10-25 08:48:41.979363','2016-10-25 08:48:41.980202','2016-10-25 08:48:41.980202');
INSERT INTO "users" VALUES(15,'2016-10-25 21:09:28.713374','2016-10-25 21:09:28.714335','2016-10-25 21:09:28.714335');
INSERT INTO "users" VALUES(16,'2016-10-26 21:32:53.359660','2016-10-26 21:32:53.364581','2016-10-26 21:32:53.364581');
INSERT INTO "users" VALUES(17,'2016-10-26 21:51:12.960995','2016-10-26 21:51:12.962096','2016-10-26 21:51:12.962096');
INSERT INTO "users" VALUES(18,'2016-10-26 21:51:59.121036','2016-10-26 21:51:59.121734','2016-10-26 21:51:59.121734');
INSERT INTO "users" VALUES(19,'2016-10-27 06:12:35.778472','2016-10-27 05:09:13.940521','2016-10-27 06:12:35.779458');
INSERT INTO "users" VALUES(20,'2016-10-27 05:12:07.024588','2016-10-27 05:12:07.025314','2016-10-27 05:12:07.025314');
INSERT INTO "users" VALUES(21,'2016-10-27 05:12:25.794472','2016-10-27 05:12:25.795079','2016-10-27 05:12:25.795079');
INSERT INTO "users" VALUES(22,'2016-10-27 05:52:36.789069','2016-10-27 05:52:36.789808','2016-10-27 05:52:36.789808');
INSERT INTO "users" VALUES(23,'2016-10-28 05:20:40.241548','2016-10-28 01:27:25.942719','2016-10-28 05:20:40.242366');
INSERT INTO "users" VALUES(24,'2016-10-30 03:10:22.959092','2016-10-28 06:11:01.528922','2016-10-30 03:10:22.959728');
INSERT INTO "users" VALUES(25,'2016-10-30 02:42:03.218698','2016-10-30 02:42:03.224593','2016-10-30 02:42:03.224593');
INSERT INTO "users" VALUES(26,'2016-10-30 04:04:24.236012','2016-10-30 03:03:31.954241','2016-10-30 04:04:24.236666');
INSERT INTO "users" VALUES(27,'2016-10-30 03:07:51.529598','2016-10-30 03:07:51.530335','2016-10-30 03:07:51.530335');
INSERT INTO "users" VALUES(28,'2016-10-30 04:03:41.508800','2016-10-30 04:03:41.509574','2016-10-30 04:03:41.509574');
INSERT INTO "users" VALUES(29,'2016-10-30 04:07:01.835596','2016-10-30 04:07:01.840673','2016-10-30 04:07:01.840673');
INSERT INTO "users" VALUES(30,'2016-10-30 17:12:07.624987','2016-10-30 17:12:07.629395','2016-10-30 17:12:07.629395');
INSERT INTO "users" VALUES(31,'2016-10-30 17:12:49.746545','2016-10-30 17:12:49.747364','2016-10-30 17:12:49.747364');
INSERT INTO "users" VALUES(32,'2016-10-30 19:37:48.042786','2016-10-30 17:12:52.821226','2016-10-30 19:37:48.043929');
INSERT INTO "users" VALUES(33,'2016-10-30 17:13:52.240268','2016-10-30 17:13:52.243788','2016-10-30 17:13:52.243788');
INSERT INTO "users" VALUES(34,'2016-10-30 20:18:05.827785','2016-10-30 17:18:03.169906','2016-10-30 20:18:05.828581');
INSERT INTO "users" VALUES(35,'2016-10-30 20:10:09.563215','2016-10-30 17:21:38.247571','2016-10-30 20:10:09.564023');
INSERT INTO "users" VALUES(36,'2016-10-30 17:23:27.199275','2016-10-30 17:23:27.199921','2016-10-30 17:23:27.199921');
INSERT INTO "users" VALUES(37,'2016-10-30 17:33:23.385534','2016-10-30 17:33:23.386203','2016-10-30 17:33:23.386203');
INSERT INTO "users" VALUES(38,'2016-10-30 19:17:56.865845','2016-10-30 18:03:35.802290','2016-10-30 19:17:56.866628');
INSERT INTO "users" VALUES(39,'2016-10-30 18:10:58.902375','2016-10-30 18:10:58.903219','2016-10-30 18:10:58.903219');
INSERT INTO "users" VALUES(40,'2016-10-30 20:12:14.828023','2016-10-30 18:14:32.307657','2016-10-30 20:12:14.828663');
INSERT INTO "users" VALUES(41,'2016-10-30 18:14:42.987624','2016-10-30 18:14:42.988287','2016-10-30 18:14:42.988287');
INSERT INTO "users" VALUES(42,'2016-10-30 20:11:02.815581','2016-10-30 18:14:51.975066','2016-10-30 20:11:02.816365');
INSERT INTO "users" VALUES(43,'2016-10-30 19:24:49.428025','2016-10-30 18:16:51.593778','2016-10-30 19:24:49.428836');
INSERT INTO "users" VALUES(44,'2016-10-30 18:24:21.850669','2016-10-30 18:24:21.851301','2016-10-30 18:24:21.851301');
INSERT INTO "users" VALUES(45,'2016-10-30 18:42:28.448278','2016-10-30 18:42:28.449519','2016-10-30 18:42:28.449519');
INSERT INTO "users" VALUES(46,'2016-10-30 18:42:59.358166','2016-10-30 18:42:59.358840','2016-10-30 18:42:59.358840');
INSERT INTO "users" VALUES(47,'2016-10-30 18:51:15.185610','2016-10-30 18:51:15.186453','2016-10-30 18:51:15.186453');
INSERT INTO "users" VALUES(48,'2016-10-30 18:54:45.927747','2016-10-30 18:54:45.928351','2016-10-30 18:54:45.928351');
INSERT INTO "users" VALUES(49,'2016-10-30 18:59:23.306078','2016-10-30 18:59:23.306860','2016-10-30 18:59:23.306860');
INSERT INTO "users" VALUES(50,'2016-10-30 20:38:42.587233','2016-10-30 19:24:30.089944','2016-10-30 20:38:42.587985');
INSERT INTO "users" VALUES(51,'2016-10-30 19:37:44.604894','2016-10-30 19:37:44.605566','2016-10-30 19:37:44.605566');
INSERT INTO "users" VALUES(52,'2016-10-30 20:01:30.337097','2016-10-30 20:01:30.337909','2016-10-30 20:01:30.337909');
INSERT INTO "users" VALUES(53,'2016-10-30 20:12:36.629981','2016-10-30 20:12:36.630577','2016-10-30 20:12:36.630577');
INSERT INTO "users" VALUES(54,'2016-10-30 20:14:31.748158','2016-10-30 20:14:31.749001','2016-10-30 20:14:31.749001');
INSERT INTO "users" VALUES(55,'2016-10-30 20:41:08.335504','2016-10-30 20:41:08.336201','2016-10-30 20:41:08.336201');
CREATE TABLE "music_selections" ("id" INTEGER PRIMARY KEY AUTOINCREMENT NOT NULL, "user_id" integer, "song" varchar, "queued" boolean DEFAULT 't', "created_at" datetime NOT NULL, "updated_at" datetime NOT NULL);
INSERT INTO "music_selections" VALUES(1,1,'5 주의 손에 나의 손을 포개고.mp3','t','2016-10-19 10:16:52.734356','2016-10-19 10:16:52.734356');
INSERT INTO "music_selections" VALUES(2,1,'2 낮은 자의 하나님 .mp3','t','2016-10-19 10:17:36.601197','2016-10-19 10:17:36.601197');
INSERT INTO "music_selections" VALUES(3,1,'1 그레이스힐 워십 - 주 예수 보다 더 귀한 것은 없네.mp3','t','2016-10-19 10:17:38.315583','2016-10-19 10:17:38.315583');
INSERT INTO "music_selections" VALUES(4,1,'3 내 마음 다해 - 마커스.mp3','t','2016-10-19 10:17:38.391453','2016-10-19 10:17:38.391453');
INSERT INTO "music_selections" VALUES(5,1,'4 여호와의 유월절.mp3','t','2016-10-19 10:17:38.695294','2016-10-19 10:17:38.695294');
INSERT INTO "music_selections" VALUES(6,1,'5 주의 손에 나의 손을 포개고.mp3','f','2016-10-19 10:17:39.916763','2016-10-19 10:17:39.916763');
INSERT INTO "music_selections" VALUES(7,1,'4 여호와의 유월절.mp3','f','2016-10-19 18:46:28.712646','2016-10-19 18:46:28.712646');
INSERT INTO "music_selections" VALUES(8,1,'3 내 마음 다해 - 마커스.mp3','f','2016-10-19 19:33:46.379852','2016-10-19 19:33:46.379852');
INSERT INTO "music_selections" VALUES(9,1,'4 여호와의 유월절.mp3','f','2016-10-19 19:33:46.812198','2016-10-19 19:33:46.812198');
INSERT INTO "music_selections" VALUES(10,1,'4 여호와의 유월절.mp3','f','2016-10-19 19:33:47.099987','2016-10-19 19:33:47.099987');
INSERT INTO "music_selections" VALUES(11,1,'4 여호와의 유월절.mp3','f','2016-10-19 19:33:47.388821','2016-10-19 19:33:47.388821');
INSERT INTO "music_selections" VALUES(12,1,'3 내 마음 다해 - 마커스.mp3','f','2016-10-19 19:33:47.775640','2016-10-19 19:33:47.775640');
INSERT INTO "music_selections" VALUES(13,1,'2 낮은 자의 하나님 .mp3','f','2016-10-19 19:33:48.215641','2016-10-19 19:33:48.215641');
INSERT INTO "music_selections" VALUES(14,1,'1 그레이스힐 워십 - 주 예수 보다 더 귀한 것은 없네.mp3','f','2016-10-19 19:33:48.631961','2016-10-19 19:33:48.631961');
INSERT INTO "music_selections" VALUES(15,1,'1 그레이스힐 워십 - 주 예수 보다 더 귀한 것은 없네.mp3','f','2016-10-19 19:33:49.017571','2016-10-19 19:33:49.017571');
INSERT INTO "music_selections" VALUES(16,1,'2 낮은 자의 하나님 .mp3','f','2016-10-19 19:33:49.405227','2016-10-19 19:33:49.405227');
INSERT INTO "music_selections" VALUES(17,1,'3 내 마음 다해 - 마커스.mp3','f','2016-10-19 19:33:49.817602','2016-10-19 19:33:49.817602');
INSERT INTO "music_selections" VALUES(18,1,'5 주의 손에 나의 손을 포개고.mp3','t','2016-10-19 19:33:50.270708','2016-10-19 19:33:50.270708');
INSERT INTO "music_selections" VALUES(19,1,'4 여호와의 유월절.mp3','f','2016-10-19 19:33:50.686617','2016-10-19 19:33:50.686617');
INSERT INTO "music_selections" VALUES(20,1,'3 내 마음 다해 - 마커스.mp3','f','2016-10-19 19:33:51.127317','2016-10-19 19:33:51.127317');
INSERT INTO "music_selections" VALUES(21,1,'2 낮은 자의 하나님 .mp3','f','2016-10-19 19:33:51.418422','2016-10-19 19:33:51.418422');
INSERT INTO "music_selections" VALUES(22,1,'1 그레이스힐 워십 - 주 예수 보다 더 귀한 것은 없네.mp3','f','2016-10-19 20:52:20.561766','2016-10-19 20:52:20.561766');
INSERT INTO "music_selections" VALUES(23,1,'2 낮은 자의 하나님 .mp3','f','2016-10-19 20:52:21.529334','2016-10-19 20:52:21.529334');
INSERT INTO "music_selections" VALUES(24,1,'3 내 마음 다해 - 마커스.mp3','f','2016-10-19 20:52:21.541635','2016-10-19 20:52:21.541635');
INSERT INTO "music_selections" VALUES(25,1,'4 여호와의 유월절.mp3','f','2016-10-19 20:52:22.336641','2016-10-19 20:52:22.336641');
INSERT INTO "music_selections" VALUES(26,1,'4 여호와의 유월절.mp3','f','2016-10-19 20:52:22.470803','2016-10-19 20:52:22.470803');
INSERT INTO "music_selections" VALUES(27,1,'5 주의 손에 나의 손을 포개고.mp3','f','2016-10-19 20:52:23.345539','2016-10-19 20:52:23.345539');
INSERT INTO "music_selections" VALUES(28,1,'4 여호와의 유월절.mp3','f','2016-10-19 20:52:23.546322','2016-10-19 20:52:23.546322');
INSERT INTO "music_selections" VALUES(29,1,'4 여호와의 유월절.mp3','t','2016-10-19 22:02:35.553971','2016-10-19 22:02:35.553971');
INSERT INTO "music_selections" VALUES(30,2,'4 여호와의 유월절.mp3','f','2016-10-19 22:04:56.064257','2016-10-19 22:04:56.064257');
INSERT INTO "music_selections" VALUES(31,2,'5 주의 손에 나의 손을 포개고.mp3','t','2016-10-19 22:04:56.273880','2016-10-19 22:04:56.273880');
INSERT INTO "music_selections" VALUES(32,2,'3 내 마음 다해 - 마커스.mp3','t','2016-10-19 22:05:01.335529','2016-10-19 22:05:01.335529');
INSERT INTO "music_selections" VALUES(33,2,'1 그레이스힐 워십 - 주 예수 보다 더 귀한 것은 없네.mp3','t','2016-10-19 22:05:05.739033','2016-10-19 22:05:05.739033');
INSERT INTO "music_selections" VALUES(34,2,'5 주의 손에 나의 손을 포개고.mp3','f','2016-10-19 22:05:05.900313','2016-10-19 22:05:05.900313');
INSERT INTO "music_selections" VALUES(35,2,'3 내 마음 다해 - 마커스.mp3','f','2016-10-19 22:05:17.487253','2016-10-19 22:05:17.487253');
INSERT INTO "music_selections" VALUES(36,2,'2 낮은 자의 하나님 .mp3','t','2016-10-19 22:05:17.771378','2016-10-19 22:05:17.771378');
INSERT INTO "music_selections" VALUES(37,2,'2 낮은 자의 하나님 .mp3','f','2016-10-19 22:05:17.790405','2016-10-19 22:05:17.790405');
INSERT INTO "music_selections" VALUES(38,2,'2 낮은 자의 하나님 .mp3','f','2016-10-19 22:05:17.809618','2016-10-19 22:05:17.809618');
INSERT INTO "music_selections" VALUES(39,2,'2 낮은 자의 하나님 .mp3','f','2016-10-19 22:05:17.825963','2016-10-19 22:05:17.825963');
INSERT INTO "music_selections" VALUES(40,2,'2 낮은 자의 하나님 .mp3','f','2016-10-19 22:05:18.733555','2016-10-19 22:05:18.733555');
INSERT INTO "music_selections" VALUES(41,2,'3 내 마음 다해 - 마커스.mp3','f','2016-10-19 22:05:18.870734','2016-10-19 22:05:18.870734');
INSERT INTO "music_selections" VALUES(42,2,'1 그레이스힐 워십 - 주 예수 보다 더 귀한 것은 없네.mp3','f','2016-10-19 22:05:18.920801','2016-10-19 22:05:18.920801');
INSERT INTO "music_selections" VALUES(43,2,'3 내 마음 다해 - 마커스.mp3','f','2016-10-19 22:05:19.683914','2016-10-19 22:05:19.683914');
INSERT INTO "music_selections" VALUES(44,2,'4 여호와의 유월절.mp3','f','2016-10-19 22:05:19.708311','2016-10-19 22:05:19.708311');
INSERT INTO "music_selections" VALUES(45,2,'4 여호와의 유월절.mp3','f','2016-10-19 22:05:21.648699','2016-10-19 22:05:21.648699');
INSERT INTO "music_selections" VALUES(46,2,'3 내 마음 다해 - 마커스.mp3','f','2016-10-19 22:05:21.693117','2016-10-19 22:05:21.693117');
INSERT INTO "music_selections" VALUES(47,2,'4 여호와의 유월절.mp3','f','2016-10-19 22:05:21.765521','2016-10-19 22:05:21.765521');
INSERT INTO "music_selections" VALUES(48,2,'5 주의 손에 나의 손을 포개고.mp3','f','2016-10-19 22:05:25.067827','2016-10-19 22:05:25.067827');
INSERT INTO "music_selections" VALUES(49,2,'1 그레이스힐 워십 - 주 예수 보다 더 귀한 것은 없네.mp3','f','2016-10-19 22:05:41.091904','2016-10-19 22:05:41.091904');
INSERT INTO "music_selections" VALUES(50,2,'2 낮은 자의 하나님 .mp3','f','2016-10-19 22:05:43.692215','2016-10-19 22:05:43.692215');
INSERT INTO "music_selections" VALUES(51,2,'3 내 마음 다해 - 마커스.mp3','f','2016-10-19 22:05:52.712731','2016-10-19 22:05:52.712731');
INSERT INTO "music_selections" VALUES(52,2,'1 그레이스힐 워십 - 주 예수 보다 더 귀한 것은 없네.mp3','t','2016-10-20 01:48:01.833024','2016-10-20 01:48:01.833024');
INSERT INTO "music_selections" VALUES(53,2,'2 낮은 자의 하나님 .mp3','t','2016-10-20 01:48:02.406753','2016-10-20 01:48:02.406753');
INSERT INTO "music_selections" VALUES(54,2,'3 내 마음 다해 - 마커스.mp3','t','2016-10-20 01:48:02.994374','2016-10-20 01:48:02.994374');
INSERT INTO "music_selections" VALUES(55,2,'4 여호와의 유월절.mp3','t','2016-10-20 01:48:03.544803','2016-10-20 01:48:03.544803');
INSERT INTO "music_selections" VALUES(56,2,'5 주의 손에 나의 손을 포개고.mp3','t','2016-10-20 01:48:04.163257','2016-10-20 01:48:04.163257');
INSERT INTO "music_selections" VALUES(57,1,'오직 주만 따르리 (My Soul Will Follow).mp3','t','2016-10-20 02:56:24.440221','2016-10-20 02:56:24.440221');
INSERT INTO "music_selections" VALUES(58,1,'부끄러운 나의 모습.mp3','t','2016-10-20 02:56:25.408309','2016-10-20 02:56:25.408309');
INSERT INTO "music_selections" VALUES(59,1,'Interlude - The Day Of Rest.mp3','t','2016-10-20 02:56:26.451939','2016-10-20 02:56:26.451939');
INSERT INTO "music_selections" VALUES(60,1,'Kingdom come.mp3','f','2016-10-20 02:56:27.817029','2016-10-20 02:56:27.817029');
INSERT INTO "music_selections" VALUES(61,1,'아름다우신 (어쿠스틱).m4a','f','2016-10-20 02:56:28.741749','2016-10-20 02:56:28.741749');
INSERT INTO "music_selections" VALUES(62,1,'주 안에 있는 나에게 (스튜디오).m4a','f','2016-10-20 02:56:30.113967','2016-10-20 02:56:30.113967');
INSERT INTO "music_selections" VALUES(63,1,'새노래로.mp3','t','2016-10-20 04:50:17.958630','2016-10-20 04:50:17.958630');
INSERT INTO "music_selections" VALUES(64,3,'왕의 왕 주의 주.mp3','t','2016-10-20 04:59:30.637445','2016-10-20 04:59:30.637445');
INSERT INTO "music_selections" VALUES(65,3,'새노래로.mp3','t','2016-10-20 04:59:31.210878','2016-10-20 04:59:31.210878');
INSERT INTO "music_selections" VALUES(66,3,'내 삶 드리리.mp3','t','2016-10-20 04:59:32.445956','2016-10-20 04:59:32.445956');
INSERT INTO "music_selections" VALUES(67,3,'경배하리.m4a','f','2016-10-20 04:59:45.963649','2016-10-20 04:59:45.963649');
INSERT INTO "music_selections" VALUES(68,3,'치료자.m4a','f','2016-10-20 04:59:53.052587','2016-10-20 04:59:53.052587');
INSERT INTO "music_selections" VALUES(69,3,'왕의 왕 주의 주.mp3','f','2016-10-20 05:00:14.787123','2016-10-20 05:00:14.787123');
INSERT INTO "music_selections" VALUES(70,3,'나의 찬양 멈출수없네.m4a','t','2016-10-20 05:00:17.189103','2016-10-20 05:00:17.189103');
INSERT INTO "music_selections" VALUES(71,3,'치료자.m4a','t','2016-10-20 05:00:19.747061','2016-10-20 05:00:19.747061');
INSERT INTO "music_selections" VALUES(72,3,'주를 위해.m4a','t','2016-10-20 05:00:36.763294','2016-10-20 05:00:36.763294');
INSERT INTO "music_selections" VALUES(73,3,'주님 궁정으로 들어가리.m4a','t','2016-10-20 05:00:37.881744','2016-10-20 05:00:37.881744');
INSERT INTO "music_selections" VALUES(74,3,'The Finder.mp3','t','2016-10-20 05:00:39.746450','2016-10-20 05:00:39.746450');
INSERT INTO "music_selections" VALUES(75,3,'다함없는.mp3','t','2016-10-20 05:00:39.906836','2016-10-20 05:00:39.906836');
INSERT INTO "music_selections" VALUES(76,1,'Blessing _ 김남국 목사.mp3','t','2016-10-20 05:06:46.516886','2016-10-20 05:06:46.516886');
INSERT INTO "music_selections" VALUES(77,1,'내 삶 드리리.mp3','t','2016-10-20 05:10:21.869616','2016-10-20 05:10:21.869616');
INSERT INTO "music_selections" VALUES(78,1,'내 삶 드리리.mp3','f','2016-10-20 05:10:23.533079','2016-10-20 05:10:23.533079');
INSERT INTO "music_selections" VALUES(79,1,'내 삶 드리리.mp3','f','2016-10-20 05:10:23.629215','2016-10-20 05:10:23.629215');
INSERT INTO "music_selections" VALUES(80,1,'사랑해요 목소리 높여.mp3','t','2016-10-20 05:10:25.190743','2016-10-20 05:10:25.190743');
INSERT INTO "music_selections" VALUES(81,1,'아도나이.mp3','f','2016-10-20 05:10:26.769299','2016-10-20 05:10:26.769299');
INSERT INTO "music_selections" VALUES(82,1,'아도나이.mp3','f','2016-10-20 05:10:28.478170','2016-10-20 05:10:28.478170');
INSERT INTO "music_selections" VALUES(83,1,'새노래로.mp3','f','2016-10-20 05:10:29.365377','2016-10-20 05:10:29.365377');
INSERT INTO "music_selections" VALUES(84,1,'새노래로.mp3','f','2016-10-20 05:10:30.328199','2016-10-20 05:10:30.328199');
INSERT INTO "music_selections" VALUES(85,1,'찬양하세.mp3','t','2016-10-20 05:29:04.983775','2016-10-20 05:29:04.983775');
INSERT INTO "music_selections" VALUES(86,1,'전하세 (Pass it on).mp3','t','2016-10-20 05:29:06.576069','2016-10-20 05:29:06.576069');
INSERT INTO "music_selections" VALUES(87,1,'내 삶 드리리.mp3','t','2016-10-20 08:28:58.946725','2016-10-20 08:28:58.946725');
INSERT INTO "music_selections" VALUES(88,1,'아도나이.mp3','t','2016-10-20 08:35:17.145124','2016-10-20 08:35:17.145124');
INSERT INTO "music_selections" VALUES(89,1,'전하세 (Pass it on).mp3','t','2016-10-20 08:35:18.809174','2016-10-20 08:35:18.809174');
INSERT INTO "music_selections" VALUES(90,1,'주님의 사랑.mp3','t','2016-10-20 08:35:19.155180','2016-10-20 08:35:19.155180');
INSERT INTO "music_selections" VALUES(91,1,'왕의 왕 주의 주.mp3','f','2016-10-20 08:35:19.897151','2016-10-20 08:35:19.897151');
INSERT INTO "music_selections" VALUES(92,1,'새노래로.mp3','f','2016-10-20 08:35:19.908748','2016-10-20 08:35:19.908748');
INSERT INTO "music_selections" VALUES(93,1,'사랑해요 목소리 높여.mp3','f','2016-10-20 08:35:20.062397','2016-10-20 08:35:20.062397');
INSERT INTO "music_selections" VALUES(94,1,'Kingdom come.mp3','f','2016-10-20 08:35:21.959052','2016-10-20 08:35:21.959052');
INSERT INTO "music_selections" VALUES(95,1,'전하세 (Pass it on).mp3','f','2016-10-20 08:35:32.783104','2016-10-20 08:35:32.783104');
INSERT INTO "music_selections" VALUES(96,1,'새노래로.mp3','f','2016-10-20 08:35:32.944515','2016-10-20 08:35:32.944515');
INSERT INTO "music_selections" VALUES(97,1,'매일 주와 함께(sweeter).mp3','f','2016-10-20 08:35:33.437700','2016-10-20 08:35:33.437700');
INSERT INTO "music_selections" VALUES(98,1,'아도나이.mp3','f','2016-10-20 08:35:34.053980','2016-10-20 08:35:34.053980');
INSERT INTO "music_selections" VALUES(99,1,'The Finder.mp3','f','2016-10-20 08:35:45.328391','2016-10-20 08:35:45.328391');
INSERT INTO "music_selections" VALUES(100,1,'그 이름 예수.mp3','f','2016-10-20 08:35:46.403449','2016-10-20 08:35:46.403449');
INSERT INTO "music_selections" VALUES(101,1,'주님은 산 같아서.mp3','f','2016-10-20 08:35:52.580160','2016-10-20 08:35:52.580160');
INSERT INTO "music_selections" VALUES(102,1,'아름다우신 (어쿠스틱).m4a','f','2016-10-20 08:35:53.603172','2016-10-20 08:35:53.603172');
INSERT INTO "music_selections" VALUES(103,1,'Blessing _ 김남국 목사.mp3','t','2016-10-20 19:16:34.740470','2016-10-20 19:16:34.740470');
INSERT INTO "music_selections" VALUES(104,1,'매일 주와 함께(sweeter).mp3','t','2016-10-20 19:16:35.205178','2016-10-20 19:16:35.205178');
INSERT INTO "music_selections" VALUES(105,1,'아도나이.mp3','t','2016-10-20 19:16:35.754312','2016-10-20 19:16:35.754312');
INSERT INTO "music_selections" VALUES(106,1,'왕의 왕 주의 주.mp3','f','2016-10-20 19:16:36.204464','2016-10-20 19:16:36.204464');
INSERT INTO "music_selections" VALUES(107,1,'새노래로.mp3','f','2016-10-20 19:16:36.970048','2016-10-20 19:16:36.970048');
INSERT INTO "music_selections" VALUES(108,1,'사랑해요 목소리 높여.mp3','f','2016-10-20 19:18:57.247298','2016-10-20 19:18:57.247298');
INSERT INTO "music_selections" VALUES(109,1,'온 땅이여 여호와를.mp3','f','2016-10-20 19:18:57.656574','2016-10-20 19:18:57.656574');
INSERT INTO "music_selections" VALUES(110,1,'아도나이.mp3','f','2016-10-20 19:18:58.031178','2016-10-20 19:18:58.031178');
INSERT INTO "music_selections" VALUES(111,1,'그 이름 예수.mp3','f','2016-10-20 19:18:59.150772','2016-10-20 19:18:59.150772');
INSERT INTO "music_selections" VALUES(112,1,'다함없는.mp3','f','2016-10-20 19:18:59.666256','2016-10-20 19:18:59.666256');
INSERT INTO "music_selections" VALUES(113,1,'The Finder.mp3','f','2016-10-20 19:19:00.250655','2016-10-20 19:19:00.250655');
INSERT INTO "music_selections" VALUES(114,1,'Kingdom come.mp3','f','2016-10-20 19:19:00.714623','2016-10-20 19:19:00.714623');
INSERT INTO "music_selections" VALUES(115,1,'사랑해요 목소리 높여.mp3','t','2016-10-20 19:19:36.776719','2016-10-20 19:19:36.776719');
INSERT INTO "music_selections" VALUES(116,1,'온 땅이여 여호와를.mp3','t','2016-10-20 19:19:37.374095','2016-10-20 19:19:37.374095');
INSERT INTO "music_selections" VALUES(117,1,'주님은 산 같아서.mp3','t','2016-10-20 19:19:38.234523','2016-10-20 19:19:38.234523');
INSERT INTO "music_selections" VALUES(118,1,'새노래로.mp3','t','2016-10-20 19:19:38.596157','2016-10-20 19:19:38.596157');
INSERT INTO "music_selections" VALUES(119,1,'내 삶 드리리.mp3','t','2016-10-20 19:19:39.781162','2016-10-20 19:19:39.781162');
INSERT INTO "music_selections" VALUES(120,1,'온 땅이여 여호와를.mp3','f','2016-10-20 19:19:41.653976','2016-10-20 19:19:41.653976');
INSERT INTO "music_selections" VALUES(121,1,'주님만을 (Piano Ver.).mp3','t','2016-10-20 23:16:39.084364','2016-10-20 23:16:39.084364');
INSERT INTO "music_selections" VALUES(122,1,'내 안에 흐르는 이야기.mp3','t','2016-10-20 23:16:39.630699','2016-10-20 23:16:39.630699');
INSERT INTO "music_selections" VALUES(123,1,'내가 살아갈 이유.mp3','t','2016-10-20 23:16:40.245423','2016-10-20 23:16:40.245423');
INSERT INTO "music_selections" VALUES(124,1,'주님만을 (Piano Ver.).mp3','f','2016-10-20 23:44:20.801936','2016-10-20 23:44:20.801936');
INSERT INTO "music_selections" VALUES(125,1,'Blessing _ 김남국 목사.mp3','t','2016-10-21 00:03:19.087258','2016-10-21 00:03:19.087258');
INSERT INTO "music_selections" VALUES(126,1,'내 삶 드리리.mp3','t','2016-10-21 00:03:25.096578','2016-10-21 00:03:25.096578');
INSERT INTO "music_selections" VALUES(127,1,'새노래로.mp3','t','2016-10-21 00:06:46.675440','2016-10-21 00:06:46.675440');
INSERT INTO "music_selections" VALUES(128,1,'새노래로.mp3','f','2016-10-21 00:08:36.548365','2016-10-21 00:08:36.548365');
INSERT INTO "music_selections" VALUES(129,1,'매일 주와 함께(sweeter).mp3','t','2016-10-21 00:10:22.402758','2016-10-21 00:10:22.402758');
INSERT INTO "music_selections" VALUES(130,1,'아도나이.mp3','t','2016-10-21 00:11:02.068906','2016-10-21 00:11:02.068906');
INSERT INTO "music_selections" VALUES(131,1,'내 삶 드리리.mp3','f','2016-10-21 00:29:57.717748','2016-10-21 00:29:57.717748');
INSERT INTO "music_selections" VALUES(132,1,'내 삶 드리리.mp3','f','2016-10-21 00:29:59.650962','2016-10-21 00:29:59.650962');
INSERT INTO "music_selections" VALUES(133,1,'Blessing _ 김남국 목사.mp3','t','2016-10-21 02:01:13.368354','2016-10-21 02:01:13.368354');
INSERT INTO "music_selections" VALUES(134,1,'사랑해요 목소리 높여.mp3','t','2016-10-21 02:01:16.453594','2016-10-21 02:01:16.453594');
INSERT INTO "music_selections" VALUES(135,1,'주님은 산 같아서.mp3','t','2016-10-21 02:01:18.781959','2016-10-21 02:01:18.781959');
INSERT INTO "music_selections" VALUES(136,1,'모두 외치리.m4a','t','2016-10-21 02:01:22.688042','2016-10-21 02:01:22.688042');
INSERT INTO "music_selections" VALUES(137,1,'모두 외치리.m4a','f','2016-10-21 02:01:26.286096','2016-10-21 02:01:26.286096');
INSERT INTO "music_selections" VALUES(138,1,'아름다우신 (어쿠스틱).m4a','t','2016-10-21 02:01:28.673758','2016-10-21 02:01:28.673758');
INSERT INTO "music_selections" VALUES(139,1,'아름다우신 (어쿠스틱).m4a','f','2016-10-21 02:01:29.371304','2016-10-21 02:01:29.371304');
INSERT INTO "music_selections" VALUES(140,1,'아름다우신 (어쿠스틱).m4a','f','2016-10-21 02:01:29.548952','2016-10-21 02:01:29.548952');
INSERT INTO "music_selections" VALUES(141,1,'주 안에 있는 나에게 (스튜디오).m4a','t','2016-10-21 02:01:31.459930','2016-10-21 02:01:31.459930');
INSERT INTO "music_selections" VALUES(142,1,'The Finder.mp3','t','2016-10-21 02:01:34.494065','2016-10-21 02:01:34.494065');
INSERT INTO "music_selections" VALUES(143,1,'우리 주 하나님.mp3','t','2016-10-21 02:01:39.099216','2016-10-21 02:01:39.099216');
INSERT INTO "music_selections" VALUES(144,1,'내 맘을 지키는.mp3','t','2016-10-21 02:01:44.233974','2016-10-21 02:01:44.233974');
INSERT INTO "music_selections" VALUES(145,1,'사랑의 열매(마커스 축복송).mp3','t','2016-10-21 02:01:53.308748','2016-10-21 02:01:53.308748');
INSERT INTO "music_selections" VALUES(146,1,'사랑의 열매(마커스 축복송).mp3','f','2016-10-21 02:01:54.031270','2016-10-21 02:01:54.031270');
INSERT INTO "music_selections" VALUES(147,1,'부끄러운 나의 모습.mp3','t','2016-10-21 02:01:54.637258','2016-10-21 02:01:54.637258');
INSERT INTO "music_selections" VALUES(148,1,'주의 장막에서.mp3','t','2016-10-21 02:01:55.155257','2016-10-21 02:01:55.155257');
INSERT INTO "music_selections" VALUES(149,1,'찬양의 이유.mp3','t','2016-10-21 02:01:55.618777','2016-10-21 02:01:55.618777');
INSERT INTO "music_selections" VALUES(150,1,'주안에 있는 나에게.mp3','t','2016-10-21 02:01:58.294848','2016-10-21 02:01:58.294848');
INSERT INTO "music_selections" VALUES(151,1,'부끄러운 나의 모습.mp3','f','2016-10-21 02:01:58.676217','2016-10-21 02:01:58.676217');
INSERT INTO "music_selections" VALUES(152,1,'주의 장막에서.mp3','f','2016-10-21 02:01:59.152879','2016-10-21 02:01:59.152879');
INSERT INTO "music_selections" VALUES(153,1,'광대하신 주님.mp3','t','2016-10-21 02:01:59.588805','2016-10-21 02:01:59.588805');
INSERT INTO "music_selections" VALUES(154,1,'부끄러운 나의 모습.mp3','f','2016-10-21 02:02:00.075570','2016-10-21 02:02:00.075570');
INSERT INTO "music_selections" VALUES(155,1,'주안에 있는 나에게.mp3','f','2016-10-21 02:02:00.510393','2016-10-21 02:02:00.510393');
INSERT INTO "music_selections" VALUES(156,1,'찬양의 이유.mp3','t','2016-10-21 02:02:01.023144','2016-10-21 02:02:01.023144');
INSERT INTO "music_selections" VALUES(157,1,'사랑의 열매(마커스 축복송).mp3','f','2016-10-21 02:02:01.480813','2016-10-21 02:02:01.480813');
INSERT INTO "music_selections" VALUES(158,1,'어웨이크닝 (World Wide Awakening).mp3','t','2016-10-21 02:02:01.881925','2016-10-21 02:02:01.881925');
INSERT INTO "music_selections" VALUES(159,1,'우린 이겼네.mp3','t','2016-10-21 02:02:02.282269','2016-10-21 02:02:02.282269');
INSERT INTO "music_selections" VALUES(160,1,'Blessing _ 김남국 목사.mp3','f','2016-10-21 02:03:02.774822','2016-10-21 02:03:02.774822');
INSERT INTO "music_selections" VALUES(161,1,'Blessing _ 김남국 목사.mp3','f','2016-10-21 02:03:04.325288','2016-10-21 02:03:04.325288');
INSERT INTO "music_selections" VALUES(162,1,'Blessing _ 김남국 목사.mp3','f','2016-10-21 02:03:05.361172','2016-10-21 02:03:05.361172');
INSERT INTO "music_selections" VALUES(163,1,'내 삶 드리리.mp3','f','2016-10-21 02:03:06.415587','2016-10-21 02:03:06.415587');
INSERT INTO "music_selections" VALUES(164,1,'사랑해요 목소리 높여.mp3','f','2016-10-21 02:03:08.326506','2016-10-21 02:03:08.326506');
INSERT INTO "music_selections" VALUES(165,1,'내 삶 드리리.mp3','t','2016-10-21 02:03:19.461552','2016-10-21 02:03:19.461552');
INSERT INTO "music_selections" VALUES(166,1,'새노래로.mp3','t','2016-10-21 02:03:20.500863','2016-10-21 02:03:20.500863');
INSERT INTO "music_selections" VALUES(167,1,'아도나이.mp3','t','2016-10-21 02:03:21.456372','2016-10-21 02:03:21.456372');
INSERT INTO "music_selections" VALUES(168,1,'왕의 왕 주의 주.mp3','t','2016-10-21 02:03:22.346183','2016-10-21 02:03:22.346183');
INSERT INTO "music_selections" VALUES(169,1,'주의 나라 세우소서.mp3','t','2016-10-21 02:03:23.794968','2016-10-21 02:03:23.794968');
INSERT INTO "music_selections" VALUES(170,1,'주의 나라 세우소서.mp3','f','2016-10-21 02:03:25.824304','2016-10-21 02:03:25.824304');
INSERT INTO "music_selections" VALUES(171,1,'주님의 사랑.mp3','t','2016-10-21 02:05:44.358495','2016-10-21 02:05:44.358495');
INSERT INTO "music_selections" VALUES(172,10,'lpnoise.wav','t','2016-10-21 02:08:16.863195','2016-10-21 02:08:16.863195');
INSERT INTO "music_selections" VALUES(173,10,'lpnoise.wav','f','2016-10-21 02:08:17.980321','2016-10-21 02:08:17.980321');
INSERT INTO "music_selections" VALUES(174,10,'lpnoise.wav','f','2016-10-21 02:08:19.051581','2016-10-21 02:08:19.051581');
INSERT INTO "music_selections" VALUES(175,10,'Blessing _ 김남국 목사.mp3','t','2016-10-21 02:08:19.725132','2016-10-21 02:08:19.725132');
INSERT INTO "music_selections" VALUES(176,10,'내 삶 드리리.mp3','f','2016-10-21 02:08:20.849573','2016-10-21 02:08:20.849573');
INSERT INTO "music_selections" VALUES(177,10,'매일 주와 함께(sweeter).mp3','t','2016-10-21 02:08:21.516637','2016-10-21 02:08:21.516637');
INSERT INTO "music_selections" VALUES(178,10,'사랑해요 목소리 높여.mp3','f','2016-10-21 02:08:22.138715','2016-10-21 02:08:22.138715');
INSERT INTO "music_selections" VALUES(179,10,'새노래로.mp3','f','2016-10-21 02:08:22.950816','2016-10-21 02:08:22.950816');
INSERT INTO "music_selections" VALUES(180,10,'아도나이.mp3','f','2016-10-21 02:08:23.580807','2016-10-21 02:08:23.580807');
INSERT INTO "music_selections" VALUES(181,10,'온 땅이여 여호와를.mp3','f','2016-10-21 02:08:24.488918','2016-10-21 02:08:24.488918');
INSERT INTO "music_selections" VALUES(182,10,'왕의 왕 주의 주.mp3','f','2016-10-21 02:08:25.325234','2016-10-21 02:08:25.325234');
INSERT INTO "music_selections" VALUES(183,10,'새노래로.mp3','f','2016-10-21 02:08:26.277908','2016-10-21 02:08:26.277908');
INSERT INTO "music_selections" VALUES(184,10,'사랑해요 목소리 높여.mp3','f','2016-10-21 02:08:27.591431','2016-10-21 02:08:27.591431');
INSERT INTO "music_selections" VALUES(185,10,'아도나이.mp3','f','2016-10-21 02:08:29.653411','2016-10-21 02:08:29.653411');
INSERT INTO "music_selections" VALUES(186,10,'전하세 (Pass it on).mp3','f','2016-10-21 02:08:31.117891','2016-10-21 02:08:31.117891');
INSERT INTO "music_selections" VALUES(187,10,'주의 나라 세우소서.mp3','f','2016-10-21 02:08:33.193469','2016-10-21 02:08:33.193469');
INSERT INTO "music_selections" VALUES(188,10,'주의 나라 세우소서.mp3','f','2016-10-21 02:08:34.978512','2016-10-21 02:08:34.978512');
INSERT INTO "music_selections" VALUES(189,10,'주의 나라 세우소서.mp3','f','2016-10-21 02:08:36.325661','2016-10-21 02:08:36.325661');
INSERT INTO "music_selections" VALUES(190,10,'예수는 내삶의 모든 것.m4a','f','2016-10-21 02:08:39.559103','2016-10-21 02:08:39.559103');
INSERT INTO "music_selections" VALUES(191,10,'치료자.m4a','f','2016-10-21 02:08:43.475621','2016-10-21 02:08:43.475621');
INSERT INTO "music_selections" VALUES(192,10,'lpnoise.wav','f','2016-10-21 02:09:05.007295','2016-10-21 02:09:05.007295');
INSERT INTO "music_selections" VALUES(193,10,'모두 찬양해 Sing Sing Sing.mp3','f','2016-10-21 02:09:10.573881','2016-10-21 02:09:10.573881');
INSERT INTO "music_selections" VALUES(194,10,'주님 사랑합니다.mp3','f','2016-10-21 02:09:13.072206','2016-10-21 02:09:13.072206');
INSERT INTO "music_selections" VALUES(195,10,'크신 주의 사랑.mp3','f','2016-10-21 02:09:16.521700','2016-10-21 02:09:16.521700');
INSERT INTO "music_selections" VALUES(196,10,'소소한 것들.mp3','t','2016-10-21 02:09:25.518332','2016-10-21 02:09:25.518332');
INSERT INTO "music_selections" VALUES(197,10,'날고 싶었지 - 황귀희.mp3','t','2016-10-21 02:09:28.124125','2016-10-21 02:09:28.124125');
INSERT INTO "music_selections" VALUES(198,10,'내 마음 다해 (MY HEART SINGS PRAISES).mp3','t','2016-10-21 02:09:33.868573','2016-10-21 02:09:33.868573');
INSERT INTO "music_selections" VALUES(199,10,'기뻐하며 승리의 노래 부르리 (We Will Rejoice).mp3','t','2016-10-21 02:09:38.961194','2016-10-21 02:09:38.961194');
INSERT INTO "music_selections" VALUES(200,1,'전하세 (Pass it on).mp3','t','2016-10-21 02:09:45.899094','2016-10-21 02:09:45.899094');
INSERT INTO "music_selections" VALUES(201,1,'매일 주와 함께(sweeter).mp3','f','2016-10-21 02:10:37.310807','2016-10-21 02:10:37.310807');
INSERT INTO "music_selections" VALUES(202,1,'매일 주와 함께(sweeter).mp3','f','2016-10-21 02:10:40.346702','2016-10-21 02:10:40.346702');
INSERT INTO "music_selections" VALUES(203,1,'나에게 그리고 너에게.mp3','t','2016-10-21 02:10:43.330733','2016-10-21 02:10:43.330733');
INSERT INTO "music_selections" VALUES(204,1,'경배하리.m4a','t','2016-10-21 02:10:51.326729','2016-10-21 02:10:51.326729');
INSERT INTO "music_selections" VALUES(205,1,'경배하리.m4a','f','2016-10-21 02:10:52.154604','2016-10-21 02:10:52.154604');
INSERT INTO "music_selections" VALUES(206,1,'경배하리.m4a','f','2016-10-21 02:10:52.562667','2016-10-21 02:10:52.562667');
INSERT INTO "music_selections" VALUES(207,1,'경배하리.m4a','f','2016-10-21 02:10:52.836944','2016-10-21 02:10:52.836944');
INSERT INTO "music_selections" VALUES(208,1,'경배하리.m4a','f','2016-10-21 02:10:53.095592','2016-10-21 02:10:53.095592');
INSERT INTO "music_selections" VALUES(209,1,'사 2_3 (그의 길로 행하리).m4a','t','2016-10-21 02:10:53.476062','2016-10-21 02:10:53.476062');
INSERT INTO "music_selections" VALUES(210,1,'치료자.m4a','t','2016-10-21 02:10:53.871096','2016-10-21 02:10:53.871096');
INSERT INTO "music_selections" VALUES(211,1,'Blessing _ 김남국 목사.mp3','f','2016-10-21 02:10:59.840022','2016-10-21 02:10:59.840022');
INSERT INTO "music_selections" VALUES(212,1,'Blessing _ 김남국 목사.mp3','f','2016-10-21 02:11:00.439520','2016-10-21 02:11:00.439520');
INSERT INTO "music_selections" VALUES(213,1,'내 삶 드리리.mp3','f','2016-10-21 02:11:01.344909','2016-10-21 02:11:01.344909');
INSERT INTO "music_selections" VALUES(214,1,'Blessing _ 김남국 목사.mp3','f','2016-10-21 02:11:01.816974','2016-10-21 02:11:01.816974');
INSERT INTO "music_selections" VALUES(215,1,'Blessing _ 김남국 목사.mp3','f','2016-10-21 02:11:02.453148','2016-10-21 02:11:02.453148');
INSERT INTO "music_selections" VALUES(216,1,'매일 주와 함께(sweeter).mp3','f','2016-10-21 02:11:02.962077','2016-10-21 02:11:02.962077');
INSERT INTO "music_selections" VALUES(217,1,'사랑해요 목소리 높여.mp3','f','2016-10-21 02:11:03.583505','2016-10-21 02:11:03.583505');
INSERT INTO "music_selections" VALUES(218,1,'Blessing _ 김남국 목사.mp3','f','2016-10-21 02:11:16.615436','2016-10-21 02:11:16.615436');
INSERT INTO "music_selections" VALUES(219,1,'사랑해요 목소리 높여.mp3','f','2016-10-21 02:11:17.984814','2016-10-21 02:11:17.984814');
INSERT INTO "music_selections" VALUES(220,1,'온 땅이여 여호와를.mp3','f','2016-10-21 02:11:19.048484','2016-10-21 02:11:19.048484');
INSERT INTO "music_selections" VALUES(221,1,'Blessing _ 김남국 목사.mp3','f','2016-10-21 02:11:21.462004','2016-10-21 02:11:21.462004');
INSERT INTO "music_selections" VALUES(222,1,'내 삶 드리리.mp3','f','2016-10-21 02:11:23.264764','2016-10-21 02:11:23.264764');
INSERT INTO "music_selections" VALUES(223,1,'Blessing _ 김남국 목사.mp3','f','2016-10-21 02:11:40.186023','2016-10-21 02:11:40.186023');
INSERT INTO "music_selections" VALUES(224,1,'우리 주 하나님 direct recording ver..mp3','f','2016-10-21 02:11:42.076226','2016-10-21 02:11:42.076226');
INSERT INTO "music_selections" VALUES(225,1,'광대하신 주님.mp3','f','2016-10-21 02:11:44.618664','2016-10-21 02:11:44.618664');
INSERT INTO "music_selections" VALUES(226,1,'is it(in spirit in truth).mp3','f','2016-10-21 02:13:25.622695','2016-10-21 02:13:25.622695');
INSERT INTO "music_selections" VALUES(227,1,'is it(in spirit in truth).mp3','f','2016-10-21 02:13:26.481030','2016-10-21 02:13:26.481030');
INSERT INTO "music_selections" VALUES(228,1,'호흡있는 모든 만물.mp3','f','2016-10-21 02:13:42.296575','2016-10-21 02:13:42.296575');
INSERT INTO "music_selections" VALUES(229,1,'호흡있는 모든 만물.mp3','f','2016-10-21 02:13:43.116732','2016-10-21 02:13:43.116732');
INSERT INTO "music_selections" VALUES(230,1,'is it(in spirit in truth).mp3','f','2016-10-21 02:15:12.582082','2016-10-21 02:15:12.582082');
INSERT INTO "music_selections" VALUES(231,1,'신령과 진정으로.mp3','f','2016-10-21 02:15:27.460886','2016-10-21 02:15:27.460886');
INSERT INTO "music_selections" VALUES(232,7,'Kingdom come.mp3','t','2016-10-21 03:38:42.208264','2016-10-21 03:38:42.208264');
INSERT INTO "music_selections" VALUES(233,7,'사 2_3 (그의 길로 행하리).m4a','f','2016-10-21 03:38:42.503055','2016-10-21 03:38:42.503055');
INSERT INTO "music_selections" VALUES(234,1,'Blessing _ 김남국 목사.mp3','f','2016-10-21 09:13:31.050550','2016-10-21 09:13:31.050550');
INSERT INTO "music_selections" VALUES(235,1,'내 삶 드리리.mp3','f','2016-10-21 09:13:34.128119','2016-10-21 09:13:34.128119');
INSERT INTO "music_selections" VALUES(236,1,'그대를 따라서.mp3','t','2016-10-21 09:13:36.637031','2016-10-21 09:13:36.637031');
INSERT INTO "music_selections" VALUES(237,1,'가장 높은 곳에 영광 (Glory In The Highest ).mp3','t','2016-10-21 09:13:39.934158','2016-10-21 09:13:39.934158');
INSERT INTO "music_selections" VALUES(238,1,'시작 지침서 - 김경현.mp3','t','2016-10-21 09:13:43.035643','2016-10-21 09:13:43.035643');
INSERT INTO "music_selections" VALUES(239,1,'주의 집에 거하는자 (Blessed).mp3','t','2016-10-21 09:13:45.819885','2016-10-21 09:13:45.819885');
INSERT INTO "music_selections" VALUES(240,1,'크신 주 찬양하리.mp3','f','2016-10-21 09:13:49.479687','2016-10-21 09:13:49.479687');
INSERT INTO "music_selections" VALUES(241,1,'그는 주.mp3','f','2016-10-21 09:13:52.494709','2016-10-21 09:13:52.494709');
INSERT INTO "music_selections" VALUES(242,1,'Reprise 좋으신 하나님.mp3','f','2016-10-21 09:13:55.849739','2016-10-21 09:13:55.849739');
INSERT INTO "music_selections" VALUES(243,1,'예수 (모든 이름 위에).mp3','f','2016-10-21 09:13:59.688359','2016-10-21 09:13:59.688359');
INSERT INTO "music_selections" VALUES(244,14,'감사함으로.mp3','t','2016-10-25 08:49:54.489083','2016-10-25 08:49:54.489083');
INSERT INTO "music_selections" VALUES(245,14,'그 이름.mp3','t','2016-10-25 08:50:03.098011','2016-10-25 08:50:03.098011');
INSERT INTO "music_selections" VALUES(246,14,'Memory within Heart(Intro).mp3','t','2016-10-25 08:50:06.848239','2016-10-25 08:50:06.848239');
INSERT INTO "music_selections" VALUES(247,1,'_마커스워쉽/마커스워십 (Markers)-01-한나의 노래 Hannah`s Song.mp3','t','2016-10-25 19:20:34.842638','2016-10-25 19:20:34.842638');
INSERT INTO "music_selections" VALUES(248,1,'_마커스워쉽/마커스워십 (Markers)-02-이 노래 This Song.mp3','t','2016-10-25 19:20:35.479398','2016-10-25 19:20:35.479398');
INSERT INTO "music_selections" VALUES(249,1,'_마커스워쉽/마커스워십 (Markers)-03-다시 새롭게 Renew Us, Again.mp3','t','2016-10-25 19:20:35.997474','2016-10-25 19:20:35.997474');
INSERT INTO "music_selections" VALUES(250,1,'_마커스워쉽/마커스워십 (Markers)-04-이곳에서 Here, Now.mp3','t','2016-10-25 19:20:36.560869','2016-10-25 19:20:36.560869');
INSERT INTO "music_selections" VALUES(251,1,'_마커스워쉽/마커스워십 (Markers)-05-믿음으로 나아가네 Walking By Faith.mp3','t','2016-10-25 19:20:37.092056','2016-10-25 19:20:37.092056');
INSERT INTO "music_selections" VALUES(252,1,'_마커스워쉽/마커스워십 (Markers)-06-오직 예수 뿐이네 Only Jesus.mp3','t','2016-10-25 19:20:37.654020','2016-10-25 19:20:37.654020');
INSERT INTO "music_selections" VALUES(253,1,'_마커스워쉽/마커스워십 (Markers)-07-하나님의 등불 Still Here.mp3','t','2016-10-25 19:20:38.224347','2016-10-25 19:20:38.224347');
INSERT INTO "music_selections" VALUES(254,1,'_마커스워쉽/마커스워십 (Markers)-08-지금 이 자리에서 Here At This Place.mp3','t','2016-10-25 19:20:38.825958','2016-10-25 19:20:38.825958');
INSERT INTO "music_selections" VALUES(255,1,'_마커스워쉽/마커스워십 (Markers)-09-어린 양 찬양해 Praise The Lamb Of God.mp3','t','2016-10-25 19:20:41.255926','2016-10-25 19:20:41.255926');
INSERT INTO "music_selections" VALUES(256,1,'_마커스워쉽/마커스워십 (Markers)-10-한 걸음 A Step, Forward.mp3','t','2016-10-25 19:20:41.839682','2016-10-25 19:20:41.839682');
INSERT INTO "music_selections" VALUES(257,1,'_마커스워쉽/마커스워십 (Markers)-11-그 이름 여호와 His Name Is Jehovah.mp3','t','2016-10-25 19:20:42.374495','2016-10-25 19:20:42.374495');
INSERT INTO "music_selections" VALUES(258,1,'가장 높은 곳에 영광 (Glory In The Highest ).mp3','t','2016-10-28 00:35:30.929616','2016-10-28 00:35:30.929616');
INSERT INTO "music_selections" VALUES(259,1,'온 땅이여 여호와를.mp3','f','2016-10-28 05:54:23.557858','2016-10-28 05:54:23.557858');
INSERT INTO "music_selections" VALUES(260,23,'예수로 나의 구주 삼고.mp3','f','2016-10-28 05:59:54.848648','2016-10-28 05:59:54.848648');
INSERT INTO "music_selections" VALUES(261,23,'주의 장막에서 2.mp3','f','2016-10-28 06:00:00.991020','2016-10-28 06:00:00.991020');
INSERT INTO "music_selections" VALUES(262,23,'어웨이크닝 (World Wide Awakening).mp3','f','2016-10-28 06:00:38.727457','2016-10-28 06:00:38.727457');
INSERT INTO "music_selections" VALUES(263,23,'주 안에 있는 나에게 (스튜디오).m4a','f','2016-10-28 06:05:15.974953','2016-10-28 06:05:15.974953');
INSERT INTO "music_selections" VALUES(264,23,'주 안에 있는 나에게 (스튜디오).m4a','f','2016-10-28 06:05:23.350322','2016-10-28 06:05:23.350322');
INSERT INTO "music_selections" VALUES(265,23,'아름다우신 (어쿠스틱).m4a','f','2016-10-28 06:05:24.539783','2016-10-28 06:05:24.539783');
INSERT INTO "music_selections" VALUES(266,1,'lpnoise.wav','t','2016-10-28 06:05:31.188667','2016-10-28 06:05:31.188667');
INSERT INTO "music_selections" VALUES(267,1,'내 삶 드리리.mp3','t','2016-10-28 06:05:35.227920','2016-10-28 06:05:35.227920');
INSERT INTO "music_selections" VALUES(268,1,'매일 주와 함께(sweeter).mp3','t','2016-10-28 06:05:45.724330','2016-10-28 06:05:45.724330');
INSERT INTO "music_selections" VALUES(269,23,'Kingdom come.mp3','f','2016-10-28 06:05:55.094935','2016-10-28 06:05:55.094935');
INSERT INTO "music_selections" VALUES(270,23,'주 안에 있는 나에게 (스튜디오).m4a','f','2016-10-28 06:07:18.453572','2016-10-28 06:07:18.453572');
INSERT INTO "music_selections" VALUES(271,23,'사랑해요 목소리 높여.mp3','f','2016-10-28 06:07:27.873177','2016-10-28 06:07:27.873177');
INSERT INTO "music_selections" VALUES(272,23,'사랑해요 목소리 높여.mp3','f','2016-10-28 06:07:34.011984','2016-10-28 06:07:34.011984');
INSERT INTO "music_selections" VALUES(273,23,'사랑해요 목소리 높여.mp3','f','2016-10-28 06:07:34.629465','2016-10-28 06:07:34.629465');
INSERT INTO "music_selections" VALUES(274,23,'사랑해요 목소리 높여.mp3','f','2016-10-28 06:07:34.717094','2016-10-28 06:07:34.717094');
INSERT INTO "music_selections" VALUES(275,23,'사랑해요 목소리 높여.mp3','f','2016-10-28 06:07:34.882577','2016-10-28 06:07:34.882577');
INSERT INTO "music_selections" VALUES(276,23,'새노래로.mp3','f','2016-10-28 06:07:36.113368','2016-10-28 06:07:36.113368');
INSERT INTO "music_selections" VALUES(277,23,'새노래로.mp3','f','2016-10-28 06:07:37.701971','2016-10-28 06:07:37.701971');
INSERT INTO "music_selections" VALUES(278,23,'새노래로.mp3','f','2016-10-28 06:07:38.520929','2016-10-28 06:07:38.520929');
INSERT INTO "music_selections" VALUES(279,23,'새노래로.mp3','f','2016-10-28 06:07:38.672209','2016-10-28 06:07:38.672209');
INSERT INTO "music_selections" VALUES(280,23,'새노래로.mp3','f','2016-10-28 06:07:38.821937','2016-10-28 06:07:38.821937');
INSERT INTO "music_selections" VALUES(281,23,'사랑해요 목소리 높여.mp3','f','2016-10-28 06:07:42.619816','2016-10-28 06:07:42.619816');
INSERT INTO "music_selections" VALUES(282,23,'사랑해요 목소리 높여.mp3','f','2016-10-28 06:07:43.231781','2016-10-28 06:07:43.231781');
INSERT INTO "music_selections" VALUES(283,23,'사랑해요 목소리 높여.mp3','f','2016-10-28 06:07:43.354511','2016-10-28 06:07:43.354511');
INSERT INTO "music_selections" VALUES(284,23,'사랑해요 목소리 높여.mp3','f','2016-10-28 06:07:43.874757','2016-10-28 06:07:43.874757');
INSERT INTO "music_selections" VALUES(285,23,'사랑해요 목소리 높여.mp3','f','2016-10-28 06:07:44.258839','2016-10-28 06:07:44.258839');
INSERT INTO "music_selections" VALUES(286,23,'사랑해요 목소리 높여.mp3','f','2016-10-28 06:07:44.459931','2016-10-28 06:07:44.459931');
INSERT INTO "music_selections" VALUES(287,23,'사랑해요 목소리 높여.mp3','f','2016-10-28 06:07:44.690415','2016-10-28 06:07:44.690415');
INSERT INTO "music_selections" VALUES(288,7,'내 삶 드리리.mp3','f','2016-10-28 06:08:11.286262','2016-10-28 06:08:11.286262');
INSERT INTO "music_selections" VALUES(289,1,'내 삶 드리리.mp3','t','2016-10-28 06:08:15.403184','2016-10-28 06:08:15.403184');
INSERT INTO "music_selections" VALUES(290,1,'사랑해요 목소리 높여.mp3','t','2016-10-28 06:08:31.419832','2016-10-28 06:08:31.419832');
INSERT INTO "music_selections" VALUES(291,7,'아도나이.mp3','f','2016-10-28 06:08:41.704753','2016-10-28 06:08:41.704753');
INSERT INTO "music_selections" VALUES(292,7,'주님 궁정으로 들어가리.m4a','f','2016-10-28 06:08:48.151723','2016-10-28 06:08:48.151723');
INSERT INTO "music_selections" VALUES(293,1,'사랑해요 목소리 높여.mp3','f','2016-10-28 06:09:00.067004','2016-10-28 06:09:00.067004');
INSERT INTO "music_selections" VALUES(294,7,'아름다우신 (어쿠스틱).m4a','t','2016-10-28 06:09:26.040969','2016-10-28 06:09:26.040969');
INSERT INTO "music_selections" VALUES(295,24,'cdplayer.wav','f','2016-10-28 06:11:03.727856','2016-10-28 06:11:03.727856');
INSERT INTO "music_selections" VALUES(296,24,'Blessing _ 김남국 목사.mp3','f','2016-10-28 06:11:05.722708','2016-10-28 06:11:05.722708');
INSERT INTO "music_selections" VALUES(297,24,'모두 찬양해 Sing Sing Sing.mp3','f','2016-10-28 06:17:26.220515','2016-10-28 06:17:26.220515');
INSERT INTO "music_selections" VALUES(298,24,'사 2_3 (그의 길로 행하리).m4a','f','2016-10-28 06:17:29.088472','2016-10-28 06:17:29.088472');
INSERT INTO "music_selections" VALUES(299,24,'사 2_3 (그의 길로 행하리).m4a','f','2016-10-28 06:17:29.914405','2016-10-28 06:17:29.914405');
INSERT INTO "music_selections" VALUES(300,7,'찬양하세.mp3','t','2016-10-28 07:14:30.614021','2016-10-28 07:14:30.614021');
INSERT INTO "music_selections" VALUES(301,7,'찬양하세.mp3','f','2016-10-28 07:14:31.990702','2016-10-28 07:14:31.990702');
INSERT INTO "music_selections" VALUES(302,7,'주 영광 나타내소서.mp3','t','2016-10-28 07:18:39.845565','2016-10-28 07:18:39.845565');
INSERT INTO "music_selections" VALUES(303,1,'새노래로.mp3','t','2016-10-28 17:59:29.835797','2016-10-28 17:59:29.835797');
INSERT INTO "music_selections" VALUES(304,1,'Kingdom come.mp3','t','2016-10-28 17:59:33.241704','2016-10-28 17:59:33.241704');
INSERT INTO "music_selections" VALUES(305,1,'그 이름 예수.mp3','t','2016-10-28 17:59:34.390635','2016-10-28 17:59:34.390635');
INSERT INTO "music_selections" VALUES(306,1,'Intro - In My Story.mp3','t','2016-10-28 17:59:47.354894','2016-10-28 17:59:47.354894');
INSERT INTO "music_selections" VALUES(307,1,'내가 살아갈 이유.mp3','t','2016-10-28 17:59:50.158377','2016-10-28 17:59:50.158377');
INSERT INTO "music_selections" VALUES(308,1,'감사함으로.mp3','t','2016-10-28 17:59:51.270753','2016-10-28 17:59:51.270753');
INSERT INTO "music_selections" VALUES(309,1,'주 곁에 설 때까지.mp3','t','2016-10-28 17:59:51.770582','2016-10-28 17:59:51.770582');
INSERT INTO "music_selections" VALUES(310,1,'주 곁에 설 때까지.mp3','f','2016-10-28 18:00:03.545583','2016-10-28 18:00:03.545583');
INSERT INTO "music_selections" VALUES(311,1,'호산나(Hosanna).mp3','t','2016-10-28 18:00:04.938928','2016-10-28 18:00:04.938928');
INSERT INTO "music_selections" VALUES(312,1,'나의 하나님.mp3','t','2016-10-28 18:00:06.310983','2016-10-28 18:00:06.310983');
INSERT INTO "music_selections" VALUES(313,1,'크신 주의 사랑.mp3','t','2016-10-28 18:00:06.877815','2016-10-28 18:00:06.877815');
INSERT INTO "music_selections" VALUES(314,1,'믿음의 형제들이여(Shout To The North).mp3','t','2016-10-28 18:00:07.959819','2016-10-28 18:00:07.959819');
INSERT INTO "music_selections" VALUES(315,1,'그 사랑으로.mp3','t','2016-10-28 18:00:09.240443','2016-10-28 18:00:09.240443');
INSERT INTO "music_selections" VALUES(316,1,'Reprise 좋으신 하나님.mp3','t','2016-10-28 18:00:10.513429','2016-10-28 18:00:10.513429');
INSERT INTO "music_selections" VALUES(317,1,'_마커스워쉽/마커스워십 (Markers)-07-하나님의 등불 Still Here.mp3','t','2016-10-28 18:00:21.887228','2016-10-28 18:00:21.887228');
INSERT INTO "music_selections" VALUES(318,1,'_마커스워쉽/마커스워십 (Markers)-06-오직 예수 뿐이네 Only Jesus.mp3','t','2016-10-28 18:00:27.315399','2016-10-28 18:00:27.315399');
INSERT INTO "music_selections" VALUES(319,1,'예수의 흔적.mp3','t','2016-10-28 18:00:49.709510','2016-10-28 18:00:49.709510');
INSERT INTO "music_selections" VALUES(320,1,'예수의 흔적.mp3','f','2016-10-28 18:00:49.977336','2016-10-28 18:00:49.977336');
INSERT INTO "music_selections" VALUES(321,1,'주님의 사랑.mp3','t','2016-10-28 18:18:27.627705','2016-10-28 18:18:27.627705');
INSERT INTO "music_selections" VALUES(322,1,'왕의 왕 주의 주.mp3','t','2016-10-28 18:18:29.067483','2016-10-28 18:18:29.067483');
INSERT INTO "music_selections" VALUES(323,1,'그 이름 예수.mp3','t','2016-10-28 18:29:33.416615','2016-10-28 18:29:33.416615');
INSERT INTO "music_selections" VALUES(324,1,'그 이름 예수.mp3','f','2016-10-28 18:29:33.479775','2016-10-28 18:29:33.479775');
INSERT INTO "music_selections" VALUES(325,1,'Kingdom come.mp3','t','2016-10-28 18:29:52.120290','2016-10-28 18:29:52.120290');
INSERT INTO "music_selections" VALUES(326,1,'그대를 따라서.mp3','t','2016-10-28 18:29:53.479529','2016-10-28 18:29:53.479529');
INSERT INTO "music_selections" VALUES(327,1,'행복이란.mp3','t','2016-10-28 18:29:54.827163','2016-10-28 18:29:54.827163');
INSERT INTO "music_selections" VALUES(328,1,'내 안에 흐르는 이야기.mp3','t','2016-10-28 18:29:55.578198','2016-10-28 18:29:55.578198');
INSERT INTO "music_selections" VALUES(329,1,'사랑의 열매(마커스 축복송).mp3','t','2016-10-28 18:30:09.671694','2016-10-28 18:30:09.671694');
INSERT INTO "music_selections" VALUES(330,1,'예수님 이곳에 (You Are Here).mp3','t','2016-10-28 18:30:10.938777','2016-10-28 18:30:10.938777');
INSERT INTO "music_selections" VALUES(331,1,'크신 주의 사랑.mp3','t','2016-10-28 18:30:12.484417','2016-10-28 18:30:12.484417');
INSERT INTO "music_selections" VALUES(332,1,'예수 나의 주(I KNOW WHO I AM).mp3','t','2016-10-28 18:31:01.569252','2016-10-28 18:31:01.569252');
INSERT INTO "music_selections" VALUES(333,1,'WORSHIP INTRO.mp3','t','2016-10-28 18:31:03.726735','2016-10-28 18:31:03.726735');
INSERT INTO "music_selections" VALUES(334,1,'그 사랑.mp3','t','2016-10-28 18:34:39.780309','2016-10-28 18:34:39.780309');
INSERT INTO "music_selections" VALUES(335,1,'그 사랑.mp3','t','2016-10-28 18:41:46.611658','2016-10-28 18:41:46.611658');
INSERT INTO "music_selections" VALUES(336,1,'_마커스워쉽/마커스워십 (Markers)-07-하나님의 등불 Still Here.mp3','t','2016-10-28 18:42:24.513585','2016-10-28 18:42:24.513585');
INSERT INTO "music_selections" VALUES(337,1,'하늘의 통치자 (Majesty Of Heaven).mp3','t','2016-10-28 18:42:42.010376','2016-10-28 18:42:42.010376');
INSERT INTO "music_selections" VALUES(338,1,'온 땅과 만민들아 (Let All The Earth Heart His Voice).mp3','t','2016-10-28 18:42:43.471085','2016-10-28 18:42:43.471085');
INSERT INTO "music_selections" VALUES(339,1,'그 나라에 살리.mp3','t','2016-10-28 18:42:43.625855','2016-10-28 18:42:43.625855');
INSERT INTO "music_selections" VALUES(340,1,'믿음으로 서리라.mp3','t','2016-10-28 18:42:44.091296','2016-10-28 18:42:44.091296');
INSERT INTO "music_selections" VALUES(341,1,'쉐카이나 영광.mp3','t','2016-10-28 18:43:51.167617','2016-10-28 18:43:51.167617');
INSERT INTO "music_selections" VALUES(342,1,'치료자.m4a','t','2016-10-28 18:44:08.090696','2016-10-28 18:44:08.090696');
INSERT INTO "music_selections" VALUES(343,1,'주 안에 있는 나에게 (스튜디오).m4a','t','2016-10-28 18:44:20.608299','2016-10-28 18:44:20.608299');
INSERT INTO "music_selections" VALUES(344,1,'주를 예배함이.mp3','t','2016-10-28 18:44:35.429608','2016-10-28 18:44:35.429608');
INSERT INTO "music_selections" VALUES(345,1,'주를 예배함이.mp3','f','2016-10-28 18:44:35.834690','2016-10-28 18:44:35.834690');
INSERT INTO "music_selections" VALUES(346,1,'주를 예배함이.mp3','f','2016-10-28 18:44:37.188905','2016-10-28 18:44:37.188905');
INSERT INTO "music_selections" VALUES(347,1,'이전 것 지나가고 (The Glory Of Your Kingdom).mp3','t','2016-10-28 18:45:02.654265','2016-10-28 18:45:02.654265');
INSERT INTO "music_selections" VALUES(348,1,'주님만을 (Band Ver.).mp3','t','2016-10-28 18:45:03.591521','2016-10-28 18:45:03.591521');
INSERT INTO "music_selections" VALUES(349,1,'Blessing _ 김남국 목사.mp3','t','2016-10-28 18:45:03.905008','2016-10-28 18:45:03.905008');
INSERT INTO "music_selections" VALUES(350,1,'Blessing _ 김남국 목사.mp3','t','2016-10-28 18:45:11.440170','2016-10-28 18:45:11.440170');
INSERT INTO "music_selections" VALUES(351,1,'사랑해요 목소리 높여.mp3','t','2016-10-28 18:45:12.049371','2016-10-28 18:45:12.049371');
INSERT INTO "music_selections" VALUES(352,1,'사랑해요 목소리 높여.mp3','f','2016-10-28 18:45:12.620368','2016-10-28 18:45:12.620368');
INSERT INTO "music_selections" VALUES(353,1,'왕의 왕 주의 주.mp3','t','2016-10-28 18:45:18.017697','2016-10-28 18:45:18.017697');
INSERT INTO "music_selections" VALUES(354,1,'전하세 (Pass it on).mp3','t','2016-10-28 18:45:18.352384','2016-10-28 18:45:18.352384');
INSERT INTO "music_selections" VALUES(355,1,'주 나의 빛.mp3','t','2016-10-28 18:45:21.821859','2016-10-28 18:45:21.821859');
INSERT INTO "music_selections" VALUES(356,1,'How He Loves.mp3','t','2016-10-28 18:45:22.666750','2016-10-28 18:45:22.666750');
INSERT INTO "music_selections" VALUES(357,1,'바다 같은 주의 사랑 Here is Love.mp3','t','2016-10-28 18:45:23.635440','2016-10-28 18:45:23.635440');
INSERT INTO "music_selections" VALUES(358,1,'우리 주 하나님.mp3','t','2016-10-28 18:45:43.816361','2016-10-28 18:45:43.816361');
INSERT INTO "music_selections" VALUES(359,1,'How He Loves.mp3','t','2016-10-28 18:45:44.380693','2016-10-28 18:45:44.380693');
INSERT INTO "music_selections" VALUES(360,1,'그대를 따라서.mp3','t','2016-10-28 18:45:44.465029','2016-10-28 18:45:44.465029');
INSERT INTO "music_selections" VALUES(361,1,'예수의 흔적.mp3','t','2016-10-28 18:50:19.305691','2016-10-28 18:50:19.305691');
INSERT INTO "music_selections" VALUES(362,1,'예수의 흔적.mp3','f','2016-10-28 18:50:56.488241','2016-10-28 18:50:56.488241');
INSERT INTO "music_selections" VALUES(363,1,'Rejoice! 다시말하니.mp3','t','2016-10-28 18:55:25.414237','2016-10-28 18:55:25.414237');
INSERT INTO "music_selections" VALUES(364,1,'부끄러운 나의 모습.mp3','t','2016-10-28 18:59:27.350561','2016-10-28 18:59:27.350561');
INSERT INTO "music_selections" VALUES(365,1,'주의 장막에서.mp3','t','2016-10-28 19:01:36.362097','2016-10-28 19:01:36.362097');
INSERT INTO "music_selections" VALUES(366,1,'주님 궁정으로 들어가리.m4a','t','2016-10-28 19:09:52.199661','2016-10-28 19:09:52.199661');
INSERT INTO "music_selections" VALUES(367,1,'새노래로.mp3','t','2016-10-28 19:10:28.845829','2016-10-28 19:10:28.845829');
INSERT INTO "music_selections" VALUES(368,1,'온 땅이여 여호와를.mp3','t','2016-10-28 19:11:22.286550','2016-10-28 19:11:22.286550');
INSERT INTO "music_selections" VALUES(369,1,'주님의 사랑.mp3','t','2016-10-28 19:16:11.602496','2016-10-28 19:16:11.602496');
INSERT INTO "music_selections" VALUES(370,1,'주님은 산 같아서.mp3','t','2016-10-28 19:17:29.462569','2016-10-28 19:17:29.462569');
INSERT INTO "music_selections" VALUES(371,1,'주님의 사랑.mp3','t','2016-10-28 19:18:43.722850','2016-10-28 19:18:43.722850');
INSERT INTO "music_selections" VALUES(372,1,'은혜로다.m4a','t','2016-10-28 19:18:50.477316','2016-10-28 19:18:50.477316');
INSERT INTO "music_selections" VALUES(373,1,'Intro - In My Story.mp3','t','2016-10-28 19:18:51.703756','2016-10-28 19:18:51.703756');
INSERT INTO "music_selections" VALUES(374,1,'주의 장막에서.mp3','t','2016-10-28 19:18:52.702870','2016-10-28 19:18:52.702870');
INSERT INTO "music_selections" VALUES(375,1,'그 이름.mp3','t','2016-10-28 19:19:12.247456','2016-10-28 19:19:12.247456');
INSERT INTO "music_selections" VALUES(376,1,'거룩하신 전능의 주.mp3','t','2016-10-28 19:27:11.084030','2016-10-28 19:27:11.084030');
INSERT INTO "music_selections" VALUES(377,1,'Thanks to God.mp3','t','2016-10-28 19:27:14.090040','2016-10-28 19:27:14.090040');
INSERT INTO "music_selections" VALUES(378,1,'Interlude(Rain).mp3','t','2016-10-28 19:27:15.335704','2016-10-28 19:27:15.335704');
INSERT INTO "music_selections" VALUES(379,1,'거룩하신 전능의 주.mp3','t','2016-10-28 19:31:06.948409','2016-10-28 19:31:06.948409');
INSERT INTO "music_selections" VALUES(380,1,'Thanks to God.mp3','t','2016-10-28 19:36:40.975817','2016-10-28 19:36:40.975817');
INSERT INTO "music_selections" VALUES(381,1,'Thanks to God.mp3','f','2016-10-28 19:44:27.250363','2016-10-28 19:44:27.250363');
INSERT INTO "music_selections" VALUES(382,1,'그 이름.mp3','t','2016-10-28 19:44:34.166112','2016-10-28 19:44:34.166112');
INSERT INTO "music_selections" VALUES(383,1,'Memory within Heart(Intro).mp3','t','2016-10-28 19:44:49.802235','2016-10-28 19:44:49.802235');
INSERT INTO "music_selections" VALUES(384,1,'사랑해요 목소리 높여.mp3','t','2016-10-28 19:51:52.339578','2016-10-28 19:51:52.339578');
INSERT INTO "music_selections" VALUES(385,1,'온 땅이여 여호와를.mp3','t','2016-10-28 19:52:37.320634','2016-10-28 19:52:37.320634');
INSERT INTO "music_selections" VALUES(386,1,'왕의 왕 주의 주.mp3','t','2016-10-28 19:52:48.466846','2016-10-28 19:52:48.466846');
INSERT INTO "music_selections" VALUES(387,1,'어웨이크닝 (World Wide Awakening).mp3','t','2016-10-28 19:52:54.825167','2016-10-28 19:52:54.825167');
INSERT INTO "music_selections" VALUES(388,1,'어웨이크닝 (World Wide Awakening).mp3','f','2016-10-28 19:52:54.938160','2016-10-28 19:52:54.938160');
INSERT INTO "music_selections" VALUES(389,1,'나 기뻐하리 ( I Will Rejolce).mp3','t','2016-10-28 19:53:05.514859','2016-10-28 19:53:05.514859');
INSERT INTO "music_selections" VALUES(390,1,'나 기뻐하리 ( I Will Rejolce).mp3','f','2016-10-28 19:53:34.023005','2016-10-28 19:53:34.023005');
INSERT INTO "music_selections" VALUES(391,1,'나 기뻐하리 ( I Will Rejolce).mp3','f','2016-10-28 19:53:34.620657','2016-10-28 19:53:34.620657');
INSERT INTO "music_selections" VALUES(392,1,'주 사랑하라 (Love The Lord).mp3','t','2016-10-28 19:53:45.452121','2016-10-28 19:53:45.452121');
INSERT INTO "music_selections" VALUES(393,1,'iTunes/iTunes Media/Music/Compilations/My Solid Rock Vol.1/07 07 나의 맘 받으소서.mp3','t','2016-10-28 19:54:30.205197','2016-10-28 19:54:30.205197');
INSERT INTO "music_selections" VALUES(394,1,'주안에 있는 나에게.mp3','f','2016-10-28 20:06:07.221169','2016-10-28 20:06:07.221169');
INSERT INTO "music_selections" VALUES(395,1,'Thanks to God.mp3','t','2016-10-28 20:31:37.702529','2016-10-28 20:31:37.702529');
INSERT INTO "music_selections" VALUES(396,1,'소독차 - 함부영.mp3','t','2016-10-28 20:31:48.917921','2016-10-28 20:31:48.917921');
INSERT INTO "music_selections" VALUES(397,1,'iTunes/iTunes Media/Music/Compilations/My Solid Rock Vol.1/04 04 크신 주의 사랑.mp3','t','2016-10-28 20:32:06.221998','2016-10-28 20:32:06.221998');
INSERT INTO "music_selections" VALUES(398,1,'iTunes/iTunes Media/Music/다윗의장막/쉐카이나 영광 Vol.7/03 03 갈급한 내 맘.mp3','t','2016-10-28 20:32:08.250562','2016-10-28 20:32:08.250562');
INSERT INTO "music_selections" VALUES(399,1,'iTunes/iTunes Media/Music/마커스워십/Is It (In Spirit In Truth)/02 02.신령과 진정으로.mp3','t','2016-10-28 20:32:09.389246','2016-10-28 20:32:09.389246');
INSERT INTO "music_selections" VALUES(400,1,'iTunes/iTunes Media/Music/함부영/In My Story Vol.2/07 행복이란.mp3','t','2016-10-28 20:32:10.502884','2016-10-28 20:32:10.502884');
INSERT INTO "music_selections" VALUES(401,1,'하나님 나라(Reprise).mp3','t','2016-10-28 20:32:37.617112','2016-10-28 20:32:37.617112');
INSERT INTO "music_selections" VALUES(402,1,'INTERLUDE(WALK TOGETHER).mp3','t','2016-10-28 20:32:38.775856','2016-10-28 20:32:38.775856');
INSERT INTO "music_selections" VALUES(403,1,'이 몸의 소망 무엔가_구주예수 의지함이.mp3','t','2016-10-28 20:32:39.623245','2016-10-28 20:32:39.623245');
INSERT INTO "music_selections" VALUES(404,1,'주님 사랑합니다.mp3','t','2016-10-28 20:32:40.517451','2016-10-28 20:32:40.517451');
INSERT INTO "music_selections" VALUES(405,1,'행복이란.mp3','t','2016-10-28 20:32:41.417870','2016-10-28 20:32:41.417870');
INSERT INTO "music_selections" VALUES(406,1,'주 안에 있는 나에게 (스튜디오).m4a','t','2016-10-28 20:32:42.230666','2016-10-28 20:32:42.230666');
INSERT INTO "music_selections" VALUES(407,1,'주의 은밀한 곳에.mp3','t','2016-10-28 20:33:49.069884','2016-10-28 20:33:49.069884');
INSERT INTO "music_selections" VALUES(408,1,'주님의 영광 나타나셨네 (The Lord Has Displayed His Glory).mp3','t','2016-10-28 20:33:50.403468','2016-10-28 20:33:50.403468');
INSERT INTO "music_selections" VALUES(409,1,'하늘의 통치자 (Majesty Of Heaven).mp3','t','2016-10-28 20:33:50.543008','2016-10-28 20:33:50.543008');
INSERT INTO "music_selections" VALUES(410,1,'기도의 집.mp3','t','2016-10-28 20:33:50.978411','2016-10-28 20:33:50.978411');
INSERT INTO "music_selections" VALUES(411,1,'주 앞에.mp3','t','2016-10-28 20:33:51.366744','2016-10-28 20:33:51.366744');
INSERT INTO "music_selections" VALUES(412,1,'기도의 집.mp3','f','2016-10-28 20:33:51.707153','2016-10-28 20:33:51.707153');
INSERT INTO "music_selections" VALUES(413,1,'주의 나라는.mp3','t','2016-10-28 20:33:52.084360','2016-10-28 20:33:52.084360');
INSERT INTO "music_selections" VALUES(414,1,'신령과 진정으로.mp3','t','2016-10-28 20:35:01.196694','2016-10-28 20:35:01.196694');
INSERT INTO "music_selections" VALUES(415,1,'주님 궁정으로 들어가리.m4a','t','2016-10-28 20:35:02.392152','2016-10-28 20:35:02.392152');
INSERT INTO "music_selections" VALUES(416,1,'내 삶 드리리.mp3','t','2016-10-28 20:35:03.373115','2016-10-28 20:35:03.373115');
INSERT INTO "music_selections" VALUES(417,1,'사랑해요 목소리 높여.mp3','t','2016-10-28 20:35:03.838354','2016-10-28 20:35:03.838354');
INSERT INTO "music_selections" VALUES(418,1,'새노래로.mp3','t','2016-10-28 20:35:04.320496','2016-10-28 20:35:04.320496');
INSERT INTO "music_selections" VALUES(419,1,'iTunes/iTunes Media/Music/김창석/행복한 예배자/07. 오 하나님 온땅에서 (Majestic) 온누리 워십.mp3','t','2016-10-28 20:35:46.187515','2016-10-28 20:35:46.187515');
INSERT INTO "music_selections" VALUES(420,1,'iTunes/iTunes Media/Music/김창석/행복한 예배자/04. 행복한 예배자.mp3','t','2016-10-28 20:35:46.806578','2016-10-28 20:35:46.806578');
INSERT INTO "music_selections" VALUES(421,1,'iTunes/iTunes Media/Music/Unknown Artist/Unknown Album/cdplayer.wav','t','2016-10-28 20:35:48.197366','2016-10-28 20:35:48.197366');
INSERT INTO "music_selections" VALUES(422,1,'How He Loves.mp3','f','2016-10-28 21:36:09.540558','2016-10-28 21:36:09.540558');
INSERT INTO "music_selections" VALUES(423,1,'모두 찬양해 Sing Sing Sing.mp3','f','2016-10-28 21:36:11.756401','2016-10-28 21:36:11.756401');
INSERT INTO "music_selections" VALUES(424,1,'바다 같은 주의 사랑 Here is Love.mp3','t','2016-10-28 22:02:12.269740','2016-10-28 22:02:12.269740');
INSERT INTO "music_selections" VALUES(425,1,'시선.mp3','t','2016-10-28 22:02:45.197212','2016-10-28 22:02:45.197212');
INSERT INTO "music_selections" VALUES(426,1,'은혜 (Grace).mp3','t','2016-10-28 22:04:09.874326','2016-10-28 22:04:09.874326');
INSERT INTO "music_selections" VALUES(427,1,'LOOK TO THE RAINBOW.mp3','t','2016-10-28 22:04:11.335083','2016-10-28 22:04:11.335083');
INSERT INTO "music_selections" VALUES(428,1,'iTunes/iTunes Media/Music/Compilations/My Solid Rock Vol.1/02 02 나는 주만 높이리 (Only A God Like You).mp3','t','2016-10-28 22:04:12.341544','2016-10-28 22:04:12.341544');
INSERT INTO "music_selections" VALUES(429,1,'새노래로.mp3','t','2016-10-28 22:45:08.891871','2016-10-28 22:45:08.891871');
INSERT INTO "music_selections" VALUES(430,1,'온 땅이여 여호와를.mp3','t','2016-10-28 22:45:09.439355','2016-10-28 22:45:09.439355');
INSERT INTO "music_selections" VALUES(431,1,'주님은 산 같아서.mp3','t','2016-10-28 22:45:10.037656','2016-10-28 22:45:10.037656');
INSERT INTO "music_selections" VALUES(432,1,'눈을 들어 (Lift Your Eyes).mp3','t','2016-10-28 22:45:11.361780','2016-10-28 22:45:11.361780');
INSERT INTO "music_selections" VALUES(433,1,'주 은혜임을.mp3','t','2016-10-28 22:45:11.866324','2016-10-28 22:45:11.866324');
INSERT INTO "music_selections" VALUES(434,1,'Rainy Day - 소진영.mp3','t','2016-10-28 22:45:12.778654','2016-10-28 22:45:12.778654');
INSERT INTO "music_selections" VALUES(435,1,'주의 집에 거하는자 (Blessed).mp3','t','2016-10-28 22:45:13.565989','2016-10-28 22:45:13.565989');
INSERT INTO "music_selections" VALUES(436,1,'이전 것 지나가고 (The Glory Of Your Kingdom).mp3','t','2016-10-28 22:45:14.077638','2016-10-28 22:45:14.077638');
INSERT INTO "music_selections" VALUES(437,1,'_마커스워쉽/마커스워십 (Markers)-06-오직 예수 뿐이네 Only Jesus.mp3','t','2016-10-28 22:47:25.119355','2016-10-28 22:47:25.119355');
INSERT INTO "music_selections" VALUES(438,1,'행복한 예배자.mp3','t','2016-10-28 22:47:34.268305','2016-10-28 22:47:34.268305');
INSERT INTO "music_selections" VALUES(439,1,'_마커스워쉽/마커스워십 (Markers)-05-믿음으로 나아가네 Walking By Faith.mp3','t','2016-10-28 22:50:25.536074','2016-10-28 22:50:25.536074');
INSERT INTO "music_selections" VALUES(440,1,'생명의 빛.mp3','t','2016-10-28 22:50:27.277027','2016-10-28 22:50:27.277027');
INSERT INTO "music_selections" VALUES(441,1,'가장 높은 곳에 영광 (Glory In The Highest ).mp3','t','2016-10-28 22:50:28.373132','2016-10-28 22:50:28.373132');
INSERT INTO "music_selections" VALUES(442,1,'사랑해요 목소리 높여.mp3','t','2016-10-28 22:50:29.452648','2016-10-28 22:50:29.452648');
INSERT INTO "music_selections" VALUES(443,1,'모두 외치리.m4a','t','2016-10-28 22:50:31.239478','2016-10-28 22:50:31.239478');
INSERT INTO "music_selections" VALUES(444,1,'iTunes/iTunes Media/Music/다윗의 장막/끝없는 사랑 Vol.8/04 04 기름부음 받은 예수.mp3','t','2016-10-28 22:52:42.384142','2016-10-28 22:52:42.384142');
INSERT INTO "music_selections" VALUES(445,1,'iTunes/iTunes Media/Music/마커스워십/Stand in Awe Vol.2/01.주님 앞에 섭니다.mp3','t','2016-10-28 22:52:43.386763','2016-10-28 22:52:43.386763');
INSERT INTO "music_selections" VALUES(446,1,'iTunes/iTunes Media/Music/마커스워십/Is It (In Spirit In Truth)/10 10.찬양의 이유.mp3','t','2016-10-28 22:52:44.559163','2016-10-28 22:52:44.559163');
INSERT INTO "music_selections" VALUES(447,1,'iTunes/iTunes Media/Music/캠퍼스워십/His Kingdom Come Vol.7/06 How He Loves.mp3','t','2016-10-28 22:52:45.568939','2016-10-28 22:52:45.568939');
INSERT INTO "music_selections" VALUES(448,1,'iTunes/iTunes Media/Music/함부영/나의노래 Vol.1/08 예수로 나의 구주 삼고.mp3','t','2016-10-28 22:52:46.908193','2016-10-28 22:52:46.908193');
INSERT INTO "music_selections" VALUES(449,1,'주님은 산 같아서.mp3','t','2016-10-28 23:05:54.976210','2016-10-28 23:05:54.976210');
INSERT INTO "music_selections" VALUES(450,1,'왕의 왕 주의 주.mp3','t','2016-10-28 23:05:55.909578','2016-10-28 23:05:55.909578');
INSERT INTO "music_selections" VALUES(451,1,'나의 찬양 멈출수없네.m4a','t','2016-10-28 23:05:57.099848','2016-10-28 23:05:57.099848');
INSERT INTO "music_selections" VALUES(452,1,'치료자.m4a','t','2016-10-28 23:05:57.629059','2016-10-28 23:05:57.629059');
INSERT INTO "music_selections" VALUES(453,1,'예수는 내삶의 모든 것.m4a','t','2016-10-28 23:06:36.721096','2016-10-28 23:06:36.721096');
INSERT INTO "music_selections" VALUES(454,1,'The Finder.mp3','t','2016-10-28 23:06:38.683840','2016-10-28 23:06:38.683840');
INSERT INTO "music_selections" VALUES(455,1,'Intro - In My Story.mp3','t','2016-10-28 23:06:41.565182','2016-10-28 23:06:41.565182');
INSERT INTO "music_selections" VALUES(456,1,'내 안에 흐르는 이야기.mp3','t','2016-10-28 23:06:42.466163','2016-10-28 23:06:42.466163');
INSERT INTO "music_selections" VALUES(457,1,'광대하신 주님.mp3','t','2016-10-28 23:06:43.380036','2016-10-28 23:06:43.380036');
INSERT INTO "music_selections" VALUES(458,1,'어웨이크닝 (World Wide Awakening).mp3','t','2016-10-28 23:06:44.237992','2016-10-28 23:06:44.237992');
INSERT INTO "music_selections" VALUES(459,1,'나는 주만 높이리 (Only A God Like You).mp3','t','2016-10-28 23:06:51.643728','2016-10-28 23:06:51.643728');
INSERT INTO "music_selections" VALUES(460,1,'감사함으로.mp3','t','2016-10-28 23:23:30.288077','2016-10-28 23:23:30.288077');
INSERT INTO "music_selections" VALUES(461,1,'예수님 이곳에 (You Are Here).mp3','t','2016-10-28 23:23:30.301704','2016-10-28 23:23:30.301704');
INSERT INTO "music_selections" VALUES(462,1,'호산나(Hosanna).mp3','t','2016-10-28 23:23:30.771127','2016-10-28 23:23:30.771127');
INSERT INTO "music_selections" VALUES(463,1,'주 은혜임을.mp3','t','2016-10-28 23:23:30.861092','2016-10-28 23:23:30.861092');
INSERT INTO "music_selections" VALUES(464,1,'눈을 들어 (Lift Your Eyes).mp3','t','2016-10-28 23:23:30.931507','2016-10-28 23:23:30.931507');
INSERT INTO "music_selections" VALUES(465,1,'새노래로.mp3','t','2016-10-28 23:27:21.606130','2016-10-28 23:27:21.606130');
INSERT INTO "music_selections" VALUES(466,1,'주를 위해.m4a','t','2016-10-28 23:27:32.410340','2016-10-28 23:27:32.410340');
INSERT INTO "music_selections" VALUES(467,1,'Kingdom come.mp3','t','2016-10-28 23:27:33.701136','2016-10-28 23:27:33.701136');
INSERT INTO "music_selections" VALUES(468,1,'How He Loves.mp3','t','2016-10-28 23:27:35.052259','2016-10-28 23:27:35.052259');
INSERT INTO "music_selections" VALUES(469,1,'그 이름 예수.mp3','t','2016-10-28 23:48:01.888118','2016-10-28 23:48:01.888118');
INSERT INTO "music_selections" VALUES(470,1,'광야가 기뻐하며.mp3','t','2016-10-28 23:48:03.244405','2016-10-28 23:48:03.244405');
INSERT INTO "music_selections" VALUES(471,1,'We Walk Together.mp3','t','2016-10-28 23:48:04.613216','2016-10-28 23:48:04.613216');
INSERT INTO "music_selections" VALUES(472,1,'부끄러운 나의 모습.mp3','t','2016-10-28 23:48:05.717606','2016-10-28 23:48:05.717606');
INSERT INTO "music_selections" VALUES(473,1,'사랑해요 목소리 높여.mp3','t','2016-10-28 23:51:04.561058','2016-10-28 23:51:04.561058');
INSERT INTO "music_selections" VALUES(474,1,'새노래로.mp3','f','2016-10-28 23:51:05.486252','2016-10-28 23:51:05.486252');
INSERT INTO "music_selections" VALUES(475,1,'아도나이.mp3','t','2016-10-28 23:51:06.416692','2016-10-28 23:51:06.416692');
INSERT INTO "music_selections" VALUES(476,1,'아도나이.mp3','f','2016-10-29 00:24:51.925461','2016-10-29 00:24:51.925461');
INSERT INTO "music_selections" VALUES(477,1,'Interlude - The Day Of Rest.mp3','t','2016-10-29 00:24:53.783454','2016-10-29 00:24:53.783454');
INSERT INTO "music_selections" VALUES(478,1,'사랑의 열매(마커스 축복송).mp3','t','2016-10-29 00:24:55.633260','2016-10-29 00:24:55.633260');
INSERT INTO "music_selections" VALUES(479,1,'아버지 날 붙들어 주소서.mp3','t','2016-10-29 00:24:56.951677','2016-10-29 00:24:56.951677');
INSERT INTO "music_selections" VALUES(480,1,'우리는 주의 교회.mp3','t','2016-10-29 00:24:58.057620','2016-10-29 00:24:58.057620');
INSERT INTO "music_selections" VALUES(481,1,'변함없는 완전하신 주님 (Unchanging).mp3','t','2016-10-29 00:24:59.108367','2016-10-29 00:24:59.108367');
INSERT INTO "music_selections" VALUES(482,1,'iTunes/iTunes Media/Music/¸¶Ä¿∏º¿ö∏Ê (Markers)/¸¶Ä¿∏º¿ö∏Ê 2016 (Markers Worship 2016)/1-11 ±◊ ÀÌ¸§ ¿©È£¿Í His Name Is Jehovah.mp3','t','2016-10-29 00:25:00.174194','2016-10-29 00:25:00.174194');
INSERT INTO "music_selections" VALUES(483,1,'iTunes/iTunes Media/Music/¸¶Ä¿∏º¿ö∏Ê (Markers)/¸¶Ä¿∏º¿ö∏Ê 2016 (Markers Worship 2016)/1-04 ÀÌ°÷¿¡π– Here, Now.mp3','t','2016-10-29 00:25:00.657409','2016-10-29 00:25:00.657409');
INSERT INTO "music_selections" VALUES(484,1,'iTunes/iTunes Media/Music/¸¶Ä¿∏º¿ö∏Ê (Markers)/¸¶Ä¿∏º¿ö∏Ê 2016 (Markers Worship 2016)/1-06 ¿ÀÁ÷ ¿_πö »ÓÀÌ_◊ Only Jesus.mp3','t','2016-10-29 00:25:01.101836','2016-10-29 00:25:01.101836');
INSERT INTO "music_selections" VALUES(485,1,'iTunes/iTunes Media/Music/¸¶Ä¿∏º¿ö∏Ê (Markers)/¸¶Ä¿∏º¿ö∏Ê 2016 (Markers Worship 2016)/1-02 ÀÌ _ë·¡ This Song.mp3','t','2016-10-29 00:25:01.556598','2016-10-29 00:25:01.556598');
INSERT INTO "music_selections" VALUES(486,1,'하나님의 은혜.mp3','t','2016-10-29 00:25:02.303246','2016-10-29 00:25:02.303246');
INSERT INTO "music_selections" VALUES(487,1,'오 하나님 온땅에서 (Majestic) 온누리 워십.mp3','t','2016-10-29 00:25:03.018089','2016-10-29 00:25:03.018089');
INSERT INTO "music_selections" VALUES(488,1,'기뻐하며 승리의 노래 부르리 (We Will Rejoice).mp3','t','2016-10-29 00:25:03.707051','2016-10-29 00:25:03.707051');
INSERT INTO "music_selections" VALUES(489,1,'하늘의 통치자 (Majesty Of Heaven).mp3','t','2016-10-29 00:25:06.521689','2016-10-29 00:25:06.521689');
INSERT INTO "music_selections" VALUES(490,1,'예수 (모든 이름 위에).mp3','t','2016-10-29 00:25:07.444267','2016-10-29 00:25:07.444267');
INSERT INTO "music_selections" VALUES(491,1,'모두 드리리 (All TO YOU).mp3','t','2016-10-29 00:25:09.504302','2016-10-29 00:25:09.504302');
INSERT INTO "music_selections" VALUES(492,1,'그 사랑으로.mp3','t','2016-10-29 00:25:11.697596','2016-10-29 00:25:11.697596');
INSERT INTO "music_selections" VALUES(493,1,'예수, 내 영혼의 사랑.mp3','t','2016-10-29 00:25:24.106990','2016-10-29 00:25:24.106990');
INSERT INTO "music_selections" VALUES(494,1,'Blessing _ 김남국 목사.mp3','t','2016-10-29 01:59:11.979961','2016-10-29 01:59:11.979961');
INSERT INTO "music_selections" VALUES(495,1,'내가 그리스도와 함께 (Crucified With Christ).mp3','t','2016-10-29 02:00:29.138990','2016-10-29 02:00:29.138990');
INSERT INTO "music_selections" VALUES(496,1,'은혜로다.m4a','t','2016-10-29 02:12:34.343784','2016-10-29 02:12:34.343784');
INSERT INTO "music_selections" VALUES(497,1,'_마커스워쉽/2013/온 땅과 만민들아 (Let All The Earth Heart His Voice).mp3','t','2016-10-29 02:12:45.542688','2016-10-29 02:12:45.542688');
INSERT INTO "music_selections" VALUES(498,1,'_마커스워쉽/2007/이 몸의 소망 무엔가_구주예수 의지함이.mp3','t','2016-10-29 02:43:50.192477','2016-10-29 02:43:50.192477');
INSERT INTO "music_selections" VALUES(499,1,'캠퍼스워십/Art of Worship/예수는 내삶의 모든 것.mp3','t','2016-10-29 02:44:02.314357','2016-10-29 02:44:02.314357');
INSERT INTO "music_selections" VALUES(500,1,'_마커스워쉽/2009/부르신 곳에서.mp3','t','2016-10-29 02:44:40.360536','2016-10-29 02:44:40.360536');
INSERT INTO "music_selections" VALUES(501,1,'_마커스워쉽/2009/부르신 곳에서.mp3','f','2016-10-29 02:44:42.286302','2016-10-29 02:44:42.286302');
INSERT INTO "music_selections" VALUES(502,1,'_온누리워십/주의 음성을.mp3','t','2016-10-29 02:44:47.157156','2016-10-29 02:44:47.157156');
INSERT INTO "music_selections" VALUES(503,1,'_마커스워쉽/2007/호산나(Hosanna).mp3','t','2016-10-29 08:05:27.098098','2016-10-29 08:05:27.098098');
INSERT INTO "music_selections" VALUES(504,1,'_마커스워쉽/S.A./Memory within Heart(Intro).mp3','t','2016-10-29 08:05:57.957981','2016-10-29 08:05:57.957981');
INSERT INTO "music_selections" VALUES(505,1,'다윗의 장막/쉐카이나 영광/주님은 내 호흡.mp3','t','2016-10-29 08:06:01.836575','2016-10-29 08:06:01.836575');
INSERT INTO "music_selections" VALUES(506,1,'iTunes/iTunes Media/Music/Campus Worship/Art of Worship/01 은혜로다.mp3','t','2016-10-29 08:06:05.702604','2016-10-29 08:06:05.702604');
INSERT INTO "music_selections" VALUES(507,1,'캠퍼스워십/His Kingdom Come/Kingdom come.mp3','t','2016-10-29 08:06:10.960505','2016-10-29 08:06:10.960505');
INSERT INTO "music_selections" VALUES(508,1,'_마커스워쉽/2007/호산나(Hosanna).mp3','t','2016-10-29 08:15:22.610935','2016-10-29 08:15:22.610935');
INSERT INTO "music_selections" VALUES(509,1,'_마커스워쉽/2007/왕 되신 주 앞에.mp3','t','2016-10-29 08:29:12.365207','2016-10-29 08:29:12.365207');
INSERT INTO "music_selections" VALUES(510,1,'_마커스워쉽/2007/나는 주만 높이리 (Only A God Like You).mp3','t','2016-10-29 08:33:45.502845','2016-10-29 08:33:45.502845');
INSERT INTO "music_selections" VALUES(511,1,'_마커스워쉽/2007/크신 주의 사랑.mp3','t','2016-10-29 09:10:54.371751','2016-10-29 09:10:54.371751');
INSERT INTO "music_selections" VALUES(512,1,'_마커스워쉽/2010/Blessing _ 김남국 목사.mp3','t','2016-10-29 09:44:28.766129','2016-10-29 09:44:28.766129');
INSERT INTO "music_selections" VALUES(513,1,'_마커스워쉽/2010/Blessing _ 김남국 목사.mp3','f','2016-10-29 09:44:28.974251','2016-10-29 09:44:28.974251');
INSERT INTO "music_selections" VALUES(514,1,'_마커스워쉽/2010/내 삶 드리리.mp3','t','2016-10-29 09:49:49.885986','2016-10-29 09:49:49.885986');
INSERT INTO "music_selections" VALUES(515,1,'_마커스워쉽/2010/내 삶 드리리.mp3','f','2016-10-29 09:49:50.170668','2016-10-29 09:49:50.170668');
INSERT INTO "music_selections" VALUES(516,1,'캠퍼스워십/Art of Worship/주를 위해.mp3','t','2016-10-29 09:49:57.590654','2016-10-29 09:49:57.590654');
INSERT INTO "music_selections" VALUES(517,1,'다윗의 장막/그 놀라운 사랑/아버지의 노래 (The Farher''s Song).mp3','t','2016-10-29 09:50:06.310842','2016-10-29 09:50:06.310842');
INSERT INTO "music_selections" VALUES(518,1,'함부영/나의 노래 Vol.1/IN YOUR LOVE.mp3','t','2016-10-29 09:50:11.200330','2016-10-29 09:50:11.200330');
INSERT INTO "music_selections" VALUES(519,25,'_마커스워쉽/2009/덮으소서.mp3','f','2016-10-30 02:42:47.129446','2016-10-30 02:42:47.129446');
INSERT INTO "music_selections" VALUES(520,25,'_마커스워쉽/2007/이 몸의 소망 무엔가_구주예수 의지함이.mp3','t','2016-10-30 02:43:14.544488','2016-10-30 02:43:14.544488');
INSERT INTO "music_selections" VALUES(521,25,'_마커스워쉽/2007/이 몸의 소망 무엔가_구주예수 의지함이.mp3','f','2016-10-30 02:43:26.347077','2016-10-30 02:43:26.347077');
INSERT INTO "music_selections" VALUES(522,25,'_마커스워쉽/2007/이 몸의 소망 무엔가_구주예수 의지함이.mp3','f','2016-10-30 02:43:26.967359','2016-10-30 02:43:26.967359');
INSERT INTO "music_selections" VALUES(523,25,'_마커스워쉽/2007/크신 주의 사랑.mp3','t','2016-10-30 02:43:30.165939','2016-10-30 02:43:30.165939');
INSERT INTO "music_selections" VALUES(524,25,'_마커스워쉽/2009/예수 거룩한 주.mp3','t','2016-10-30 02:43:37.072218','2016-10-30 02:43:37.072218');
INSERT INTO "music_selections" VALUES(525,25,'_마커스워쉽/2007/Thanks to God.mp3','t','2016-10-30 02:44:17.704846','2016-10-30 02:44:17.704846');
INSERT INTO "music_selections" VALUES(526,25,'_마커스워쉽/2007/크신 주의 사랑.mp3','t','2016-10-30 02:45:21.340785','2016-10-30 02:45:21.340785');
INSERT INTO "music_selections" VALUES(527,1,'함부영/나의 노래 Vol.1/기억이 추억되어.mp3','t','2016-10-30 02:54:22.320284','2016-10-30 02:54:22.320284');
INSERT INTO "music_selections" VALUES(528,1,'_마커스워쉽/2009/덮으소서.mp3','t','2016-10-30 02:54:27.262552','2016-10-30 02:54:27.262552');
INSERT INTO "music_selections" VALUES(529,1,'_마커스워쉽/2013/그가 다스리는 그의 나라에서 (Studio Ver.).mp3','t','2016-10-30 02:54:47.010045','2016-10-30 02:54:47.010045');
INSERT INTO "music_selections" VALUES(530,25,'_마커스워쉽/2011/MARKERS PRAY.mp3','f','2016-10-30 02:59:51.599917','2016-10-30 02:59:51.599917');
INSERT INTO "music_selections" VALUES(531,26,'_마커스워쉽/2007/왕 되신 주 앞에.mp3','t','2016-10-30 03:09:25.655523','2016-10-30 03:09:25.655523');
INSERT INTO "music_selections" VALUES(532,7,'_마커스워쉽/2007/이 몸의 소망 무엔가_구주예수 의지함이.mp3','f','2016-10-30 03:16:25.271607','2016-10-30 03:16:25.271607');
INSERT INTO "music_selections" VALUES(533,7,'_마커스워쉽/2007/이 몸의 소망 무엔가_구주예수 의지함이.mp3','f','2016-10-30 03:16:49.014830','2016-10-30 03:16:49.014830');
INSERT INTO "music_selections" VALUES(534,7,'_마커스워쉽/2007/나의 하나님.mp3','t','2016-10-30 03:17:06.467341','2016-10-30 03:17:06.467341');
INSERT INTO "music_selections" VALUES(535,7,'_마커스워쉽/2010/왕의 왕 주의 주.mp3','t','2016-10-30 03:17:17.633257','2016-10-30 03:17:17.633257');
INSERT INTO "music_selections" VALUES(536,7,'_마커스워쉽/2007/왕 되신 주 앞에.mp3','t','2016-10-30 03:20:05.669590','2016-10-30 03:20:05.669590');
INSERT INTO "music_selections" VALUES(537,7,'_마커스워쉽/2009/예수 거룩한 주.mp3','t','2016-10-30 03:20:36.551477','2016-10-30 03:20:36.551477');
INSERT INTO "music_selections" VALUES(538,7,'_마커스워쉽/2007/이 몸의 소망 무엔가_구주예수 의지함이.mp3','t','2016-10-30 03:20:57.456164','2016-10-30 03:20:57.456164');
INSERT INTO "music_selections" VALUES(539,24,'_마커스워쉽/2007/나의 하나님.mp3','t','2016-10-30 03:26:01.246473','2016-10-30 03:26:01.246473');
INSERT INTO "music_selections" VALUES(540,24,'_마커스워쉽/2007/나의 하나님.mp3','t','2016-10-30 04:02:28.267689','2016-10-30 04:02:28.267689');
INSERT INTO "music_selections" VALUES(541,24,'_마커스워쉽/2016/마커스워십 (Markers)-11-그 이름 여호와 His Name Is Jehovah.mp3','t','2016-10-30 04:02:39.458314','2016-10-30 04:02:39.458314');
INSERT INTO "music_selections" VALUES(542,24,'_마커스워쉽/2015/우리는 주의 교회.mp3','t','2016-10-30 04:02:47.685585','2016-10-30 04:02:47.685585');
INSERT INTO "music_selections" VALUES(543,24,'_마커스워쉽/2015/우리는 주의 교회.mp3','f','2016-10-30 04:02:47.840020','2016-10-30 04:02:47.840020');
INSERT INTO "music_selections" VALUES(544,24,'iTunes/iTunes Media/Music/Campus Worship/Art of Worship/01 은혜로다.mp3','t','2016-10-30 04:02:55.474414','2016-10-30 04:02:55.474414');
INSERT INTO "music_selections" VALUES(545,28,'_마커스워쉽/2013/우리는 주의 백성이오니 (We Are Your People).mp3','t','2016-10-30 04:03:48.771615','2016-10-30 04:03:48.771615');
INSERT INTO "music_selections" VALUES(546,28,'_마커스워쉽/2015/우리는 주의 교회.mp3','t','2016-10-30 04:03:52.548162','2016-10-30 04:03:52.548162');
INSERT INTO "music_selections" VALUES(547,26,'_마커스워쉽/2007/왕 되신 주 앞에.mp3','t','2016-10-30 04:04:29.392358','2016-10-30 04:04:29.392358');
INSERT INTO "music_selections" VALUES(548,28,'_마커스워쉽/2015/우리는 주의 교회.mp3','t','2016-10-30 04:05:49.918059','2016-10-30 04:05:49.918059');
INSERT INTO "music_selections" VALUES(549,29,'_마커스워쉽/2009/날 향한 계획.mp3','f','2016-10-30 04:07:15.630987','2016-10-30 04:07:15.630987');
INSERT INTO "music_selections" VALUES(550,29,'함부영/나의 노래 Vol.1/기억이 추억되어.mp3','f','2016-10-30 04:09:40.842769','2016-10-30 04:09:40.842769');
INSERT INTO "music_selections" VALUES(551,1,'Nothing Is Impossible (Outback Worship Sessions) - Official Planetshakers Video.mp3','t','2016-10-30 17:06:08.061596','2016-10-30 17:06:08.061596');
INSERT INTO "music_selections" VALUES(552,1,'_마커스워쉽/2014/주 은혜임을.mp3','t','2016-10-30 17:06:11.500021','2016-10-30 17:06:11.500021');
INSERT INTO "music_selections" VALUES(553,1,'제이어스/My God is Good/My God is Good J - US.mp3','t','2016-10-30 17:06:14.110286','2016-10-30 17:06:14.110286');
INSERT INTO "music_selections" VALUES(554,32,'_마커스워쉽/2014/주 은혜임을.mp3','t','2016-10-30 17:13:04.917454','2016-10-30 17:13:04.917454');
INSERT INTO "music_selections" VALUES(555,32,'Lincoln Brewster - Today Is The Day.mp3','t','2016-10-30 17:13:23.000605','2016-10-30 17:13:23.000605');
INSERT INTO "music_selections" VALUES(556,32,'제이어스/Born Again/2 십자가.mp3','t','2016-10-30 17:13:28.662835','2016-10-30 17:13:28.662835');
INSERT INTO "music_selections" VALUES(557,36,'_마커스워쉽/2014/주 곁에 설 때까지.mp3','t','2016-10-30 17:23:32.959952','2016-10-30 17:23:32.959952');
INSERT INTO "music_selections" VALUES(558,36,'Nothing Is Impossible (Outback Worship Sessions) - Official Planetshakers Video.mp3','t','2016-10-30 17:24:01.652821','2016-10-30 17:24:01.652821');
INSERT INTO "music_selections" VALUES(559,36,'어노인팅/어노인팅-05-예수 예수.mp3','t','2016-10-30 17:24:17.259578','2016-10-30 17:24:17.259578');
INSERT INTO "music_selections" VALUES(560,37,'어노인팅/어노인팅-03-오 주여 나의 마음이.mp3','t','2016-10-30 17:35:40.614282','2016-10-30 17:35:40.614282');
INSERT INTO "music_selections" VALUES(561,37,'어노인팅/어노인팅-04-할렐루야 살아계신 주.mp3','t','2016-10-30 17:36:03.035671','2016-10-30 17:36:03.035671');
INSERT INTO "music_selections" VALUES(562,35,'제이어스/The Beginning/제이어스 J - US Live Worship [The Beginning] 시편 139편(PSAL.mp3','t','2016-10-30 17:39:11.389950','2016-10-30 17:39:11.389950');
INSERT INTO "music_selections" VALUES(563,35,'어노인팅/어노인팅-03-오 주여 나의 마음이.mp3','t','2016-10-30 17:48:34.541839','2016-10-30 17:48:34.541839');
INSERT INTO "music_selections" VALUES(564,35,'_마커스워쉽/2014/주 은혜임을.mp3','t','2016-10-30 17:51:25.987609','2016-10-30 17:51:25.987609');
INSERT INTO "music_selections" VALUES(565,35,'_마커스워쉽/2015/사랑의 노래 되리.mp3','t','2016-10-30 17:52:36.649564','2016-10-30 17:52:36.649564');
INSERT INTO "music_selections" VALUES(566,38,'_마커스워쉽/2016/마커스워십 (Markers)-01-한나의 노래 Hannah`s Song.mp3','t','2016-10-30 18:04:01.720494','2016-10-30 18:04:01.720494');
INSERT INTO "music_selections" VALUES(567,35,'_마커스워쉽/2015/사랑의 노래 되리.mp3','t','2016-10-30 18:04:40.337497','2016-10-30 18:04:40.337497');
INSERT INTO "music_selections" VALUES(568,38,'제이어스/Born Again/8 Born Again.mp3','t','2016-10-30 18:05:05.209839','2016-10-30 18:05:05.209839');
INSERT INTO "music_selections" VALUES(569,38,'제이어스/Born Again/2 십자가.mp3','t','2016-10-30 18:05:19.304993','2016-10-30 18:05:19.304993');
INSERT INTO "music_selections" VALUES(570,35,'제이어스/The Beginning/제이어스 J - US Live Worship [The Beginning] 시편 139편(PSAL.mp3','t','2016-10-30 18:08:43.437357','2016-10-30 18:08:43.437357');
INSERT INTO "music_selections" VALUES(571,38,'제이어스/Born Again/2 십자가.mp3','f','2016-10-30 18:09:47.195734','2016-10-30 18:09:47.195734');
INSERT INTO "music_selections" VALUES(572,38,'제이어스/Born Again/2 십자가.mp3','t','2016-10-30 18:14:29.862622','2016-10-30 18:14:29.862622');
INSERT INTO "music_selections" VALUES(573,43,'어노인팅/어노인팅-03-나는 자유해.mp3','t','2016-10-30 18:17:52.205051','2016-10-30 18:17:52.205051');
INSERT INTO "music_selections" VALUES(574,43,'Nothing Is Impossible (Outback Worship Sessions) - Official Planetshakers Video.mp3','t','2016-10-30 18:23:30.544875','2016-10-30 18:23:30.544875');
INSERT INTO "music_selections" VALUES(575,38,'제이어스/Born Again/2 십자가.mp3','t','2016-10-30 18:31:19.787151','2016-10-30 18:31:19.787151');
INSERT INTO "music_selections" VALUES(576,38,'제이어스/Born Again/2 십자가.mp3','f','2016-10-30 18:31:37.778127','2016-10-30 18:31:37.778127');
INSERT INTO "music_selections" VALUES(577,38,'제이어스/Born Again/4 내 모습 이대로.mp3','t','2016-10-30 18:31:39.002161','2016-10-30 18:31:39.002161');
INSERT INTO "music_selections" VALUES(578,39,'우리는 주의 움직이는 교회.mp3','t','2016-10-30 18:32:13.873908','2016-10-30 18:32:13.873908');
INSERT INTO "music_selections" VALUES(579,39,'Nothing Is Impossible (Outback Worship Sessions) - Official Planetshakers Video.mp3','t','2016-10-30 18:32:27.096043','2016-10-30 18:32:27.096043');
INSERT INTO "music_selections" VALUES(580,39,'Everybody Praise! -  예수전도단.mp3','t','2016-10-30 18:32:40.904028','2016-10-30 18:32:40.904028');
INSERT INTO "music_selections" VALUES(581,38,'제이어스/Born Again/4 내 모습 이대로.mp3','t','2016-10-30 18:41:59.976179','2016-10-30 18:41:59.976179');
INSERT INTO "music_selections" VALUES(582,46,'제이어스/Born Again/8 Born Again.mp3','t','2016-10-30 18:48:36.923966','2016-10-30 18:48:36.923966');
INSERT INTO "music_selections" VALUES(583,39,'_마커스워쉽/2015/그 사랑으로.mp3','t','2016-10-30 18:54:01.214055','2016-10-30 18:54:01.214055');
INSERT INTO "music_selections" VALUES(584,39,'제이어스/Born Again/5 기뻐해.mp3','t','2016-10-30 18:54:21.357446','2016-10-30 18:54:21.357446');
INSERT INTO "music_selections" VALUES(585,38,'_마커스워쉽/2016/마커스워십 (Markers)-12-축도_삶의 자리에서 Benediction.mp3','t','2016-10-30 18:58:18.380459','2016-10-30 18:58:18.380459');
INSERT INTO "music_selections" VALUES(586,35,'제이어스/The Beginning/제이어스 J - US 나의 백성이.mp3','t','2016-10-30 19:07:19.245826','2016-10-30 19:07:19.245826');
INSERT INTO "music_selections" VALUES(587,35,'_마커스워쉽/2015/거리마다 기쁨으로.mp3','t','2016-10-30 19:08:03.111467','2016-10-30 19:08:03.111467');
INSERT INTO "music_selections" VALUES(588,38,'제이어스/Born Again/2 십자가.mp3','t','2016-10-30 19:17:56.888987','2016-10-30 19:17:56.888987');
INSERT INTO "music_selections" VALUES(589,35,'어노인팅/어노인팅-03-오 주여 나의 마음이.mp3','t','2016-10-30 19:25:06.231363','2016-10-30 19:25:06.231363');
INSERT INTO "music_selections" VALUES(590,50,'제이어스/The Beginning/제이어스 J - US 하늘 위에 주님밖에.mp3','t','2016-10-30 19:25:06.646274','2016-10-30 19:25:06.646274');
INSERT INTO "music_selections" VALUES(591,50,'제이어스/The Beginning/제이어스 J - US 주의 이름 높이며.mp3','t','2016-10-30 19:25:14.675405','2016-10-30 19:25:14.675405');
INSERT INTO "music_selections" VALUES(592,35,'제이어스/The Beginning/제이어스 J - US Live Worship [The Beginning] 시편 139편(PSAL.mp3','t','2016-10-30 19:25:21.562868','2016-10-30 19:25:21.562868');
INSERT INTO "music_selections" VALUES(593,50,'제이어스/The Beginning/제이어스 J - US 주님은 아시네.mp3','t','2016-10-30 19:25:22.204121','2016-10-30 19:25:22.204121');
INSERT INTO "music_selections" VALUES(594,50,'제이어스/The Beginning/제이어스 J - US 예수의 이름은.mp3','t','2016-10-30 19:25:26.611357','2016-10-30 19:25:26.611357');
INSERT INTO "music_selections" VALUES(595,50,'제이어스/The Beginning/제이어스 J - US 나의 백성이.mp3','t','2016-10-30 19:29:35.564741','2016-10-30 19:29:35.564741');
INSERT INTO "music_selections" VALUES(596,35,'제이어스/The Beginning/제이어스 J - US Live Worship [The Beginning] 내 모든 삶의 행동 주 안에.mp3','t','2016-10-30 19:37:53.330858','2016-10-30 19:37:53.330858');
INSERT INTO "music_selections" VALUES(597,35,'_마커스워쉽/2015/사랑의 노래 되리.mp3','t','2016-10-30 19:58:19.857069','2016-10-30 19:58:19.857069');
INSERT INTO "music_selections" VALUES(598,35,'_마커스워쉽/2015/그 사랑으로.mp3','t','2016-10-30 19:58:33.864242','2016-10-30 19:58:33.864242');
INSERT INTO "music_selections" VALUES(599,32,'어노인팅/어노인팅-04-할렐루야 살아계신 주.mp3','t','2016-10-30 20:06:08.095086','2016-10-30 20:06:08.095086');
INSERT INTO "music_selections" VALUES(600,32,'제이어스/The Beginning/제이어스 J - US Live Worship [The Beginning] 위대하신 주 (.mp3','t','2016-10-30 20:08:18.062438','2016-10-30 20:08:18.062438');
INSERT INTO "music_selections" VALUES(601,32,'우리는 주의 움직이는 교회.mp3','t','2016-10-30 20:08:22.005719','2016-10-30 20:08:22.005719');
INSERT INTO "music_selections" VALUES(602,32,'어노인팅/어노인팅-03-오 주여 나의 마음이.mp3','t','2016-10-30 20:08:26.971145','2016-10-30 20:08:26.971145');
INSERT INTO "music_selections" VALUES(603,35,'_마커스워쉽/2015/화평케 되리.mp3','f','2016-10-30 20:10:17.160136','2016-10-30 20:10:17.160136');
INSERT INTO "music_selections" VALUES(604,42,'Everybody Praise! -  예수전도단.mp3','f','2016-10-30 20:11:51.371298','2016-10-30 20:11:51.371298');
INSERT INTO "music_selections" VALUES(605,50,'제이어스/The Beginning/제이어스 J - US Live Worship [The Beginning] 시편 139편(PSAL.mp3','t','2016-10-30 20:13:40.531361','2016-10-30 20:13:40.531361');
CREATE TABLE "comments" ("id" INTEGER PRIMARY KEY AUTOINCREMENT NOT NULL, "user_id" integer, "commenter" varchar, "body" text, "created_at" datetime NOT NULL, "updated_at" datetime NOT NULL);
INSERT INTO "comments" VALUES(3,35,'CAT','ㅋㅋㅋㅋㅋㅋㅋㅋㅋㅋ멋지심다','2016-10-30 17:41:13.823071','2016-10-30 17:41:13.823071');
INSERT INTO "comments" VALUES(4,40,'박샛별','아이폰5S, 아이폰5C도 사용 가능하게 해주세요!
그리고 라이브러리 리스트에 아티스트도 나오면 좋을것 같아요! 선택할때 아티스트가 누군지 궁금해요!:)','2016-10-30 18:25:43.874869','2016-10-30 18:25:43.874869');
INSERT INTO "comments" VALUES(5,39,'Good','신청곡 넣어주셔서 감사해요','2016-10-30 18:33:37.643812','2016-10-30 18:33:37.643812');
INSERT INTO "comments" VALUES(6,39,'호지니아니자나','의도치 않게 ....찬양의 매력에 빠졌어...','2016-10-30 18:38:56.669357','2016-10-30 18:38:56.669357');
INSERT INTO "comments" VALUES(7,39,'ㅎㅎ','Greater - mercyme 요 ♥','2016-10-30 18:39:58.106443','2016-10-30 18:39:58.106443');
INSERT INTO "comments" VALUES(8,39,'디사이플스','주가 지으신 이날에!!!!!!♥ ㅔ','2016-10-30 18:48:49.873885','2016-10-30 18:48:49.873885');
INSERT INTO "comments" VALUES(9,46,'B','김도현님 찬양도 넣어주세여','2016-10-30 18:49:25.980092','2016-10-30 18:49:25.980092');
INSERT INTO "comments" VALUES(10,47,' 천세혁','나는바보다','2016-10-30 18:51:57.143233','2016-10-30 18:51:57.143233');
INSERT INTO "comments" VALUES(11,47,'비와이','예수인교회 청년부 화이팅','2016-10-30 18:54:51.668725','2016-10-30 18:54:51.668725');
INSERT INTO "comments" VALUES(12,50,'호지니아니자나','의도치 않게.... 찬양에 빠졌다','2016-10-30 19:26:13.606794','2016-10-30 19:26:13.606794');
INSERT INTO "comments" VALUES(13,52,'나는 목사당','찬양가운데 임하시는 은혜....그리고 사랑 나눔','2016-10-30 20:03:15.782677','2016-10-30 20:03:15.782677');
INSERT INTO "comments" VALUES(14,52,'한정우','한정우 나보다 좀 못생겼당','2016-10-30 20:04:03.991653','2016-10-30 20:04:03.991653');
INSERT INTO "comments" VALUES(15,52,'할렐루야','왜 안되지? ㅠ
','2016-10-30 20:05:56.644916','2016-10-30 20:05:56.644916');
INSERT INTO "comments" VALUES(16,52,'','만들어 주셔서 감사합니다 ㅎㅎ','2016-10-30 20:11:09.155938','2016-10-30 20:11:09.155938');
INSERT INTO "comments" VALUES(17,52,'','삼결살 파티 다음주 6시','2016-10-30 20:13:20.955105','2016-10-30 20:13:20.955105');
INSERT INTO "comments" VALUES(18,54,'','좋타','2016-10-30 20:16:02.835532','2016-10-30 20:16:02.835532');
INSERT INTO "comments" VALUES(19,54,'','식당봉사 수고했어용','2016-10-30 20:17:55.087185','2016-10-30 20:17:55.087185');
DELETE FROM sqlite_sequence;
INSERT INTO "sqlite_sequence" VALUES('users',55);
INSERT INTO "sqlite_sequence" VALUES('music_selections',605);
INSERT INTO "sqlite_sequence" VALUES('comments',19);
COMMIT;
